time,x_rms,x_freq_0,x_mag_0,x_freq_1,x_mag_1,x_freq_2,x_mag_2,y_rms,y_freq_0,y_mag_0,y_freq_1,y_mag_1,y_freq_2,y_mag_2,z_rms,z_freq_0,z_mag_0,z_freq_1,z_mag_1,z_freq_2,z_mag_2 
50993,3.9813,198.4375,13.4495,78.1250,10.7173,190.6250,9.8827,6.8178,135.9375,23.9173,198.4375,23.1956,176.5625,20.8432,10.3950,199.2188,29.7579,121.8750,28.7026,138.2812,28.5146
52219,4.1254,130.4688,13.0389,131.2500,10.3147,90.6250,9.9616,7.0021,145.3125,23.6869,199.2188,23.1162,192.9688,22.3836,10.8520,145.3125,31.5597,124.2188,31.2778,199.2188,29.4354
53494,4.2565,32.0312,11.7158,37.5000,10.4770,114.8438,10.2208,6.5965,199.2188,23.0792,85.9375,16.8486,114.0625,16.8249,9.9959,196.0938,29.7935,24.2188,26.9711,44.5312,26.0473
54770,3.9325,103.9062,13.2106,115.6250,10.5591,132.8125,10.4884,7.2638,182.8125,21.3678,161.7188,21.3427,198.4375,20.5648,10.5142,123.4375,37.3832,46.0938,28.1497,138.2812,26.6491
56045,4.0327,75.7812,11.3135,112.5000,11.0300,68.7500,10.4876,6.6234,197.6562,24.7462,196.0938,23.7472,154.6875,23.3876,9.8243,121.0938,30.7204,125.7812,28.7601,133.5938,25.4906
57321,4.3180,17.9688,10.5507,37.5000,10.3054,75.0000,10.1544,6.6425,153.9062,19.7636,62.5000,17.1799,115.6250,16.9714,10.3867,123.4375,35.7474,130.4688,32.6054,111.7188,29.6517
58595,4.5128,89.8438,14.9970,88.2812,11.9437,75.7812,10.8421,7.4104,0.0000,26.4130,92.1875,21.9180,5.4688,19.6290,11.9083,0.0000,61.0000,130.4688,47.5612,146.0938,37.4319
59823,4.3652,92.1875,11.3439,106.2500,10.8487,142.1875,10.3190,6.5533,0.0000,20.8620,192.1875,20.0127,172.6562,18.7160,10.4807,0.0000,39.1620,130.4688,35.8627,138.2812,35.0405
61098,4.2162,46.0938,12.4737,131.2500,10.4494,36.7188,10.4364,6.4691,123.4375,19.1952,95.3125,18.3740,139.0625,18.2376,10.6623,139.0625,42.7894,196.8750,39.7155,123.4375,37.7863
62374,4.3819,72.6562,12.6472,92.1875,11.4572,160.1562,10.4551,7.0378,92.1875,31.9278,129.6875,22.4957,37.5000,19.5692,10.3178,130.4688,47.5298,122.6562,35.8365,138.2812,33.7732
63648,4.2871,62.5000,13.3510,54.6875,13.2593,51.5625,10.8491,7.3716,189.0625,25.7524,196.8750,25.5411,181.2500,21.6868,11.3325,138.2812,39.0084,122.6562,30.3774,84.3750,30.2736
64924,4.5975,80.4688,11.8760,49.2188,11.6304,166.4062,11.5904,6.7030,84.3750,19.6707,156.2500,19.3964,167.9688,18.1250,10.5971,130.4688,37.4036,131.2500,35.9039,138.2812,30.2870
66201,4.6538,53.9062,13.7751,84.3750,13.0735,67.1875,12.5636,7.0754,167.1875,22.9805,169.5312,21.7120,173.4375,18.5525,11.2976,115.6250,44.9521,53.9062,33.2030,146.0938,32.7670
67426,4.4331,131.2500,13.2908,118.7500,11.1253,76.5625,10.9320,6.5298,185.1562,19.5785,138.2812,18.3547,177.3438,15.9780,11.0398,138.2812,36.4680,130.4688,34.0458,131.2500,33.5257
68701,4.3662,174.2188,10.6055,0.0000,10.5530,41.4062,10.4581,6.7700,169.5312,19.2755,125.0000,17.9151,132.0312,17.4862,10.9890,146.0938,43.4220,138.2812,34.8943,130.4688,32.4290
69976,4.4915,116.4062,13.7972,119.5312,11.0872,190.6250,10.5678,6.7253,196.8750,21.9013,107.0312,17.7466,124.2188,17.3727,10.1214,123.4375,36.7412,194.5312,32.2680,61.7188,30.7719
71253,4.2128,48.4375,12.2732,95.3125,11.5978,13.2812,10.1596,6.8588,131.2500,28.7209,114.8438,21.8549,137.5000,21.5475,10.4355,138.2812,42.8815,130.4688,36.9045,124.2188,28.3950
72527,4.5353,0.0000,13.6030,90.6250,11.1851,100.0000,10.7008,7.0259,132.0312,18.8204,139.0625,18.2123,156.2500,17.5668,10.3037,46.0938,30.7619,7.8125,29.4730,146.0938,29.2112
73801,4.2500,84.3750,13.9190,49.2188,10.1199,110.9375,9.7609,7.0740,115.6250,21.9328,147.6562,19.7650,199.2188,19.2423,10.9673,0.0000,35.9901,123.4375,35.2199,194.5312,33.2336
75029,4.0664,155.4688,10.8534,122.6562,9.7224,85.9375,9.5997,7.0118,190.6250,27.4850,171.0938,24.4891,114.8438,19.6510,9.5281,122.6562,37.3862,130.4688,34.7365,16.4062,27.8226
76304,4.0669,78.9062,11.8315,95.3125,10.6456,171.8750,9.7618,6.4876,187.5000,21.1850,122.6562,20.5726,63.2812,16.9185,10.6003,138.2812,41.9778,127.3438,39.2889,197.6562,38.3617
77579,4.1519,0.0000,11.2240,115.6250,10.8474,97.6562,9.5637,7.0896,153.1250,23.7614,0.0000,21.1670,198.4375,18.5381,10.0465,142.9688,32.8875,115.6250,32.7102,0.0000,30.4390
78854,4.0505,103.9062,13.4200,115.6250,12.2899,182.0312,11.6253,6.6194,198.4375,18.4094,194.5312,18.0480,166.4062,17.8311,9.9143,122.6562,37.1768,0.0000,27.2670,143.7500,26.3742
80130,4.1434,192.9688,10.8800,107.8125,10.8623,106.2500,10.8205,6.6078,190.6250,22.4594,196.8750,21.4570,161.7188,20.5081,10.0906,121.8750,37.7282,146.0938,34.5317,122.6562,31.0212
81405,4.1877,91.4062,10.6572,69.5312,10.0611,53.1250,10.0049,6.7655,161.7188,23.1306,197.6562,20.9768,129.6875,17.8471,11.1427,124.2188,34.4846,192.1875,31.3224,138.2812,27.3114
82630,4.1147,78.9062,10.6638,187.5000,9.9047,30.4688,9.6313,6.9829,158.5938,23.4444,123.4375,20.5240,144.5312,18.5879,10.2789,123.4375,29.7817,130.4688,26.8848,128.9062,26.2859
83906,4.1348,106.2500,11.2022,171.0938,10.7397,22.6562,10.3774,6.6149,184.3750,21.6367,152.3438,18.4850,168.7500,18.4358,10.0811,121.8750,28.5905,130.4688,25.7647,6.2500,25.3446
85182,3.9936,115.6250,13.3622,130.4688,10.1626,184.3750,9.7955,7.0221,0.0000,30.1340,117.1875,22.8002,192.1875,20.9657,9.9960,161.7188,35.5850,192.1875,34.8195,115.6250,27.4288
86456,3.9868,8.5938,10.3742,125.0000,10.1360,114.8438,10.0107,6.4320,184.3750,24.2496,152.3438,17.9494,114.0625,17.8126,9.9622,121.0938,33.0243,113.2812,33.0105,185.1562,28.3184
87731,4.5484,69.5312,13.6060,75.0000,13.3718,85.9375,12.8205,7.1304,138.2812,20.5722,146.8750,18.8509,190.6250,18.5825,10.8371,146.0938,30.9317,130.4688,29.9502,79.6875,29.6821
89007,4.5068,89.0625,15.5789,171.8750,15.4745,121.8750,12.1287,6.5633,193.7500,21.2940,135.1562,19.3025,198.4375,18.4125,10.0064,131.2500,35.0737,192.1875,29.2028,153.9062,28.5951
90234,4.1848,199.2188,13.3030,100.0000,11.5574,88.2812,11.3683,6.7613,196.0938,19.9331,160.1562,17.9497,197.6562,17.8198,10.5990,132.8125,31.4012,154.6875,31.1155,115.6250,30.4517
91509,4.3684,197.6562,15.3995,190.6250,13.2402,198.4375,11.6739,6.6940,146.8750,18.0212,113.2812,17.2987,105.4688,17.1428,10.7628,139.8438,34.8001,0.0000,34.2820,122.6562,33.6794
92784,4.3416,81.2500,13.5304,133.5938,11.7056,169.5312,11.2803,6.5475,177.3438,20.4927,182.0312,19.0467,189.8438,17.6664,10.3791,142.1875,30.6839,151.5625,28.1333,199.2188,27.8859
94059,4.0540,123.4375,14.5991,92.1875,13.2410,122.6562,12.6879,6.3016,139.0625,21.4262,198.4375,20.2737,193.7500,18.5216,9.6248,121.8750,33.2815,114.0625,31.7407,160.9375,30.7953
95335,4.1058,94.5312,13.4667,117.1875,11.3521,120.3125,11.0311,7.1602,152.3438,22.5920,188.2812,22.5753,168.7500,20.4389,9.7966,0.0000,36.9660,147.6562,29.9561,155.4688,27.5864
96609,4.4371,84.3750,14.0276,115.6250,13.2682,114.8438,11.4442,6.8741,197.6562,29.8778,161.7188,21.7452,94.5312,20.3273,10.6569,125.0000,36.1273,0.0000,35.7460,153.9062,29.9561
97835,4.0916,146.8750,12.2540,117.1875,11.8547,92.1875,11.3823,6.6902,187.5000,20.6305,198.4375,18.5461,193.7500,18.3669,10.7216,167.9688,34.0480,175.7812,31.3566,146.0938,29.2505
99110,4.1690,114.8438,12.2795,107.8125,11.6188,68.7500,10.6905,6.3953,122.6562,20.9234,146.0938,17.5792,159.3750,17.4472,10.1711,130.4688,38.7200,132.0312,34.8041,0.0000,32.0860
100386,4.2779,185.1562,11.0824,23.4375,10.3070,38.2812,9.6788,7.1232,0.0000,22.8750,192.9688,21.8641,121.0938,20.4862,9.8307,115.6250,35.0164,123.4375,34.4688,185.9375,29.9072
101660,4.2748,114.8438,13.3608,125.0000,11.7505,100.0000,11.2240,6.7664,199.2188,23.2795,192.9688,22.0583,153.9062,19.6941,10.3212,132.0312,31.2168,7.0312,28.7527,192.1875,27.6001
102936,4.2575,100.0000,12.7636,132.8125,10.5709,140.6250,10.0730,6.7518,160.9375,21.4060,196.0938,20.8241,131.2500,20.6109,10.6227,146.0938,33.1339,149.2188,32.3943,130.4688,29.7317
104211,4.2312,73.4375,12.8834,199.2188,11.3041,115.6250,11.0704,6.3574,187.5000,21.2767,185.1562,18.1225,170.3125,17.0087,10.1287,195.3125,29.7115,124.2188,29.0379,149.2188,26.9491
105437,4.2178,129.6875,11.9314,115.6250,11.5104,92.1875,11.4880,6.6359,192.1875,29.4026,167.1875,20.7028,121.8750,20.0042,10.3772,122.6562,34.0658,123.4375,31.4060,143.7500,27.0825
106712,82.9634,42.1875,171.6945,42.9688,167.2218,35.9375,166.9007,37.0387,53.1250,87.8087,45.3125,81.9715,55.4688,80.0554,99.7421,39.8438,257.2189,39.0625,252.3762,40.6250,250.9708
107988,4.1277,192.1875,11.9534,98.4375,11.7442,130.4688,11.6968,6.2884,192.9688,30.7379,153.9062,27.1628,199.2188,26.3035,10.8469,153.9062,31.9273,17.1875,31.0730,130.4688,30.7875
109263,4.2332,130.4688,14.1039,14.0625,11.5412,41.4062,11.0646,6.7360,184.3750,23.6282,138.2812,23.4213,192.1875,23.1786,10.3842,138.2812,45.1379,153.9062,32.6453,113.2812,28.4722
110537,4.2947,12.5000,11.8575,191.4062,11.4385,116.4062,11.3352,6.4700,0.0000,24.4610,192.1875,23.6498,121.8750,18.4296,11.4106,0.0000,58.0720,122.6562,34.9266,138.2812,30.3066
111812,4.3766,186.7188,14.1820,194.5312,12.1269,117.9688,9.8665,6.8980,121.8750,22.2780,107.8125,20.4151,0.0000,20.3740,10.8981,138.2812,38.8190,123.4375,32.5755,100.0000,28.5533
113040,4.0178,103.9062,11.5574,110.9375,10.2133,114.8438,10.0614,6.2603,193.7500,19.5466,199.2188,17.8666,171.8750,17.1666,9.9998,0.0000,33.3670,196.8750,31.3706,158.5938,29.5365
114315,4.2436,15.6250,14.2593,106.2500,13.5053,145.3125,11.6194,6.9269,161.7188,29.0872,192.1875,21.4273,183.5938,18.2456,10.3646,15.6250,36.5526,161.7188,36.1180,174.2188,28.3361
115589,4.2660,59.3750,11.8533,154.6875,10.6405,189.8438,10.0700,6.9371,192.9688,24.2045,184.3750,22.9786,189.0625,18.5274,10.6741,122.6562,32.4290,138.2812,29.6874,79.6875,27.6607
116865,7.0003,0.7812,30.0516,196.0938,16.7267,70.3125,16.5821,8.6530,196.0938,33.2319,95.3125,24.0536,148.4375,21.3671,12.1442,123.4375,36.6893,84.3750,35.9706,0.0000,31.7810
118141,116.8925,0.7812,611.3914,1.5625,554.1948,2.3438,510.9169,49.2362,24.2188,215.2954,25.0000,214.1812,23.4375,186.9448,83.6443,9.3750,369.7796,10.1562,351.4889,10.9375,351.1196
119369,337.3333,0.7812,3894.0696,1.5625,1470.1083,5.4688,1076.5034,268.5737,0.7812,2693.3188,1.5625,1743.8132,2.3438,1329.4812,724.8606,0.7812,9526.5977,1.5625,6112.5068,10.1562,865.4689
120644,243.6532,0.7812,2802.7307,1.5625,1166.7209,10.1562,1104.1168,444.1775,0.7812,4994.0659,1.5625,4306.1396,3.1250,1243.0087,1382.9972,0.7812,18867.5254,2.3438,7895.6250,1.5625,7400.9839
121919,235.8617,0.7812,2873.2136,1.5625,1139.0707,7.8125,830.3544,537.4336,0.7812,6091.3281,1.5625,5699.4985,3.9062,1245.8861,1737.7289,0.7812,26813.8223,1.5625,4627.5811,3.1250,4374.3198
123194,122.6487,0.7812,971.3583,3.1250,860.0549,8.5938,648.0017,609.7896,0.7812,8282.2461,1.5625,4322.0688,3.1250,1967.9269,1612.1136,0.7812,24676.8633,1.5625,4824.2993,2.3438,4668.9790
124471,99.3019,7.0312,696.5960,1.5625,648.5263,5.4688,486.1841,546.5220,0.7812,6295.7739,1.5625,5122.2046,3.1250,2141.9766,1504.9364,0.7812,23106.4121,2.3438,3541.6204,1.5625,2718.8276
125745,114.9882,3.1250,853.2029,7.0312,695.8480,1.5625,497.5962,551.1283,0.7812,7752.8672,1.5625,3057.4019,2.3438,1945.8088,1664.7174,0.7812,26133.3867,1.5625,3668.5164,3.1250,1876.1865
126972,130.0149,0.7812,869.8686,3.9062,727.0084,1.5625,719.6013,540.1221,0.7812,7157.5410,1.5625,4475.0317,2.3438,1495.4491,1616.2283,0.7812,25174.4414,1.5625,5298.7212,5.4688,1292.8558
128247,174.6783,0.7812,1671.9598,4.6875,1031.0472,2.3438,990.9417,421.6862,0.7812,5606.9941,1.5625,3116.3589,2.3438,1517.8730,1442.3221,0.7812,22195.8672,1.5625,3874.4280,3.9062,3212.4443
129523,104.8832,5.4688,611.9921,1.5625,515.7612,2.3438,497.8653,222.2854,0.7812,2467.9375,1.5625,1758.1903,3.1250,776.5168,544.2460,1.5625,4706.1338,0.7812,4690.9907,2.3438,2832.2332
130798,9.3203,39.0625,26.4855,27.3438,24.9325,26.5625,24.8836,14.9198,0.7812,149.7384,1.5625,69.4939,6.2500,41.0252,11.0687,76.5625,29.2102,128.1250,28.9394,197.6562,26.9999
132074,5.9571,35.1562,22.1408,7.0312,17.3044,27.3438,15.8017,8.5899,7.0312,27.6155,60.9375,25.3238,48.4375,21.1913,11.3320,138.2812,44.9568,146.0938,34.7950,6.2500,33.4381
133350,5.0146,12.5000,17.8350,25.0000,14.3664,28.9062,11.8554,7.2468,123.4375,23.7233,128.9062,21.8266,7.0312,20.9862,10.7562,131.2500,33.3045,123.4375,32.8924,129.6875,31.3488
134576,5.4667,14.8438,15.0798,0.7812,14.4938,62.5000,14.4899,8.1422,7.8125,28.7424,121.0938,25.9364,53.1250,22.2111,11.7230,3.9062,35.3438,153.9062,34.1077,146.0938,32.4525
135851,5.1468,64.8438,16.9169,11.7188,13.0575,71.0938,12.6972,7.2116,123.4375,20.7445,131.2500,19.2623,70.3125,18.5611,11.5264,146.0938,36.7553,153.9062,34.5314,117.1875,30.3566
137127,4.6671,33.5938,14.3841,47.6562,10.5752,25.7812,10.4109,6.9468,153.9062,21.8813,53.9062,17.4839,33.5938,17.3612,11.3057,131.2500,39.2631,124.2188,36.4730,130.4688,36.2456
138403,59.8539,0.7812,274.3412,1.5625,271.0116,2.3438,264.5191,98.3553,2.3438,520.6157,1.5625,517.4398,0.7812,513.3475,386.9741,0.7812,2413.2849,1.5625,2362.0586,2.3438,2234.0874
139678,130.6550,1.5625,967.5560,3.1250,864.1485,0.7812,737.1813,466.1718,0.7812,6194.8447,1.5625,3890.0671,3.1250,844.8270,1309.6302,0.7812,19001.1348,1.5625,5567.7686,3.1250,4836.8237
140952,189.8216,0.7812,1415.8049,3.1250,1317.8018,4.6875,1099.7599,449.1142,0.7812,6407.4585,1.5625,2553.6738,2.3438,1155.3320,1355.6102,0.7812,21114.2031,2.3438,2313.7410,1.5625,2100.2185
142179,130.3946,0.7812,1017.1994,3.1250,809.9251,4.6875,691.0779,419.0229,0.7812,5663.1318,1.5625,2828.9275,3.1250,1627.1543,1374.7307,0.7812,21120.3848,2.3438,4157.9399,3.9062,2722.0220
143455,169.7557,0.7812,1454.7051,2.3438,1100.5746,4.6875,935.3813,424.5708,0.7812,5868.9385,1.5625,1678.8872,3.1250,1606.5525,1558.7358,0.7812,24099.1133,2.3438,3728.9229,4.6875,2562.9890
144731,174.3668,0.7812,1352.7726,4.6875,1278.1434,7.8125,858.7094,517.8868,0.7812,7263.5645,1.5625,3233.9626,2.3438,1838.1696,1594.1403,0.7812,24878.6855,1.5625,4506.6992,4.6875,1459.7716
146005,154.6091,0.7812,1773.8551,2.3438,960.7567,5.4688,672.6304,478.8505,0.7812,6140.4995,1.5625,3787.4243,2.3438,2219.0576,1508.1927,0.7812,23513.5352,1.5625,3548.7937,3.1250,2782.1848
147282,144.1175,0.7812,1303.6904,3.9062,798.4354,6.2500,745.8014,430.8571,0.7812,5378.0977,1.5625,3567.9521,2.3438,1766.3342,1417.6975,0.7812,21670.4590,1.5625,4737.0244,2.3438,2740.1919
148509,161.0660,0.7812,2033.8044,3.1250,642.0759,3.9062,611.0353,481.4542,0.7812,6259.6265,1.5625,3205.2493,2.3438,2352.6147,1334.0238,0.7812,20357.7109,1.5625,4300.1543,3.9062,2400.2188
149785,134.5099,0.7812,958.6295,1.5625,836.1537,7.0312,791.8351,213.1462,0.7812,2243.0242,1.5625,1393.2407,2.3438,1094.6704,541.6357,0.7812,4260.5884,1.5625,3424.5972,5.4688,1947.7091
151060,14.2002,7.8125,98.3541,12.5000,68.8457,10.1562,65.9848,10.2793,0.7812,55.7900,3.9062,46.9825,5.4688,38.3747,12.8708,27.3438,48.6197,14.8438,44.0959,25.7812,39.3785
152336,7.2447,9.3750,33.7146,18.7500,27.2109,13.2812,21.3856,7.7504,7.0312,28.6145,136.7188,24.8023,115.6250,23.0248,10.9882,9.3750,33.0198,131.2500,31.4482,15.6250,28.0120
153612,7.3007,14.0625,30.0069,19.5312,28.1134,17.9688,26.0187,7.5356,135.9375,23.8777,122.6562,23.4900,14.0625,22.0951,10.8184,138.2812,34.2563,19.5312,32.6073,123.4375,31.7144
154887,8.7082,14.0625,38.2957,19.5312,35.1089,11.7188,31.8622,8.0628,61.7188,18.4945,7.0312,18.1703,122.6562,17.7740,11.3041,171.0938,36.0759,146.0938,35.4067,123.4375,32.7204
156112,6.9414,16.4062,26.7724,18.7500,23.6509,26.5625,22.8843,7.7394,7.0312,27.2986,8.5938,26.5782,3.9062,22.0758,10.7024,123.4375,39.0131,121.0938,38.8029,132.0312,29.3665
157388,6.5023,10.9375,24.8071,20.3125,22.3035,22.6562,21.8505,7.2474,7.8125,24.2686,161.7188,21.7413,175.7812,20.9831,10.5571,161.7188,33.6917,121.8750,33.2851,123.4375,31.9371
158663,6.3348,13.2812,27.1313,11.7188,23.5962,14.0625,21.4747,7.4622,7.0312,26.5545,7.8125,22.5399,165.6250,21.1467,10.2666,0.0000,46.1160,153.9062,31.1210,124.2188,27.2666
159939,168.2237,0.7812,1966.4357,2.3438,1150.6251,3.1250,825.1110,414.1414,0.7812,5643.1514,1.5625,3216.2939,2.3438,799.7562,1189.5208,0.7812,16705.6914,1.5625,8496.2236,2.3438,1740.2163
161214,190.8406,0.7812,1704.6841,1.5625,1044.1840,2.3438,919.7999,469.2665,1.5625,5127.6958,0.7812,4789.5264,2.3438,2016.5377,1541.5895,0.7812,23617.0508,1.5625,6064.6997,5.4688,1936.0135
162490,207.1922,0.7812,2428.2505,3.9062,1175.7673,1.5625,836.9456,477.1332,0.7812,5830.2891,1.5625,4323.6313,2.3438,1535.8363,1599.2540,0.7812,24369.3555,1.5625,6169.7129,3.1250,3086.6145
163716,205.9676,0.7812,2379.4949,2.3438,883.6956,3.9062,839.7245,462.9489,1.5625,5076.6294,0.7812,4729.9434,2.3438,1172.9669,1609.0027,0.7812,25327.6719,1.5625,3362.6987,2.3438,1773.8579
164992,181.5170,0.7812,1517.4354,1.5625,1105.1986,4.6875,974.6049,512.2498,0.7812,5882.3784,1.5625,4952.1992,3.1250,1220.3750,1695.9576,0.7812,26808.5117,1.5625,2459.4165,2.3438,2076.9529
166267,224.1537,0.7812,2896.6863,2.3438,920.3326,7.8125,740.5296,558.2782,1.5625,6111.7559,0.7812,6094.3208,3.1250,1790.8879,1708.7496,0.7812,26159.7930,2.3438,5487.3506,1.5625,4303.8662
167543,244.9676,0.7812,2335.9626,3.1250,2184.6265,3.9062,938.7848,602.0526,0.7812,7220.4316,1.5625,4585.7480,3.1250,3084.0620,1592.4862,0.7812,24441.0020,3.1250,3880.3220,2.3438,3233.3057
168818,234.4147,0.7812,2429.7581,2.3438,1430.0938,3.9062,1278.4178,497.1072,0.7812,6781.4844,1.5625,3140.5652,2.3438,2331.7478,1403.7583,0.7812,21164.8145,1.5625,5855.3550,3.1250,2927.3196
170092,158.0540,7.0312,1247.4978,0.7812,1034.6365,6.2500,869.1309,361.3371,0.7812,4609.6123,1.5625,2623.3118,2.3438,1128.5706,1060.4751,0.7812,13478.2432,1.5625,8118.9639,4.6875,2597.3240
171319,18.6992,7.8125,113.4717,6.2500,110.3470,5.4688,107.9733,11.7552,7.8125,58.1105,0.7812,50.8440,7.0312,49.2219,13.5298,16.4062,57.2574,15.6250,49.2187,7.0312,43.9397
172594,7.6669,12.5000,32.2702,26.5625,27.2504,14.0625,26.5452,8.2847,7.0312,39.4621,153.9062,36.1851,8.5938,28.6239,10.7394,7.8125,30.3861,23.4375,29.2368,138.2812,28.9179
173870,7.7636,12.5000,33.0247,9.3750,30.9747,14.8438,26.4108,7.9435,2.3438,24.1372,10.9375,21.9839,132.8125,21.0561,11.4809,146.0938,48.4851,7.8125,36.9579,138.2812,32.2379
175144,7.7925,17.9688,31.7602,13.2812,30.8863,28.9062,25.9137,7.8267,131.2500,31.0145,125.0000,25.1424,123.4375,24.4807,10.9424,146.0938,40.5592,138.2812,37.6785,123.4375,29.4740
176420,7.5070,27.3438,28.5464,10.9375,28.2357,25.0000,27.7017,7.3549,7.8125,24.2606,153.9062,23.9193,146.0938,20.7793,11.5131,136.7188,35.3347,138.2812,34.2568,130.4688,31.3736
177648,8.7984,14.0625,46.9923,26.5625,38.6636,17.9688,32.8128,8.0217,146.0938,25.4091,122.6562,23.1619,13.2812,22.5883,11.8572,123.4375,53.2127,130.4688,46.3108,14.0625,38.5240
178923,7.6868,14.0625,37.3354,29.6875,26.9923,11.7188,26.3823,8.8121,5.4688,33.4508,3.1250,27.9962,10.1562,25.8697,11.1151,130.4688,33.3734,29.6875,33.0729,138.2812,29.6775
180199,199.9926,0.7812,1994.5126,1.5625,1793.2686,6.2500,760.3928,410.9634,0.7812,4605.0562,1.5625,4424.6562,2.3438,844.2651,1570.3431,0.7812,21969.5547,1.5625,8547.0332,2.3438,4502.9795
181475,265.1378,0.7812,3536.2856,1.5625,1143.1298,5.4688,1113.2795,494.4615,1.5625,5345.3403,0.7812,4619.6567,3.1250,2258.4263,1807.8357,0.7812,27883.4297,1.5625,5491.7139,2.3438,3067.0308
182752,226.2210,0.7812,2629.8950,1.5625,1516.5270,2.3438,1042.9642,443.9688,0.7812,4691.6753,1.5625,4365.9902,3.1250,2064.4468,1710.9226,0.7812,25953.1445,2.3438,6040.7432,1.5625,4359.0132
184025,274.9270,0.7812,2520.7605,1.5625,1636.7778,4.6875,1330.1304,516.8695,0.7812,5745.4028,1.5625,3897.1206,2.3438,2900.4258,1748.9456,0.7812,27075.0098,1.5625,3342.9590,4.6875,3071.3506
185252,318.3444,0.7812,4452.1851,3.9062,1198.3137,1.5625,1145.0212,549.4980,0.7812,7101.4121,1.5625,3753.0979,2.3438,2675.6069,1784.8187,0.7812,28175.3574,1.5625,3077.0032,2.3438,2259.3914
186527,279.7671,0.7812,3586.1704,3.9062,1490.3110,3.1250,983.1732,574.2507,0.7812,6613.8608,1.5625,5056.5405,2.3438,3259.6414,1677.7911,0.7812,25720.4062,1.5625,5006.0078,2.3438,3495.9756
187803,287.3761,0.7812,3502.1873,1.5625,1492.8724,3.1250,1280.2134,491.2133,0.7812,6372.8809,1.5625,3367.7878,2.3438,1993.4994,1563.5515,0.7812,24287.6016,1.5625,5144.5630,2.3438,2386.6484
189078,255.9420,0.7812,2709.3325,3.1250,1474.0547,2.3438,1311.0773,605.4699,0.7812,6976.4097,1.5625,5534.3823,2.3438,3333.0815,1642.3676,0.7812,25379.8770,1.5625,6130.1865,2.3438,1635.9742
190354,178.6029,0.7812,749.9677,1.5625,745.1997,7.0312,692.5387,131.7568,0.7812,718.9241,1.5625,513.9196,2.3438,410.0829,596.3445,0.7812,4892.7549,1.5625,3397.1597,2.3438,1715.3469
191630,12.7564,0.7812,60.3139,8.5938,53.1769,22.6562,52.5125,9.4092,0.7812,40.1678,1.5625,33.6815,4.6875,23.7464,12.0518,196.8750,35.5817,115.6250,34.8146,156.2500,30.7534
192856,10.0516,8.5938,48.3671,21.8750,47.3866,17.9688,37.5510,8.8124,65.6250,24.4284,168.7500,23.5501,9.3750,21.7287,12.6757,146.0938,36.9499,21.8750,36.1373,15.6250,35.0684
194131,11.4453,21.0938,55.6927,17.9688,55.2734,11.7188,39.5832,8.5203,107.8125,25.5063,63.2812,25.2959,153.9062,24.3168,11.3585,123.4375,36.7764,122.6562,31.6148,138.2812,30.3252
195407,7.0119,14.8438,39.3432,12.5000,28.9068,10.1562,24.6007,7.8586,138.2812,30.9853,123.4375,26.8429,6.2500,22.5788,10.9479,146.0938,48.5381,123.4375,40.5803,122.6562,38.6808
196683,10.7012,24.2188,57.7866,15.6250,52.6372,7.0312,34.0761,9.9114,53.9062,32.9546,57.0312,27.0572,7.0312,26.2947,11.4533,138.2812,36.7158,110.9375,31.9456,100.0000,29.5467
197958,7.6274,0.7812,42.5545,9.3750,30.5050,16.4062,30.4060,7.8456,143.7500,26.3356,10.9375,25.7579,162.5000,21.6745,11.5888,139.0625,37.1599,161.7188,37.0033,136.7188,30.6744
199232,108.2942,1.5625,837.4843,0.7812,835.0461,2.3438,786.0819,100.2080,1.5625,714.2193,0.7812,689.2657,2.3438,680.3633,607.1595,0.7812,5357.5063,1.5625,4896.4395,2.3438,4173.1533
200459,253.9089,0.7812,2225.8655,5.4688,1539.9856,1.5625,1398.6093,531.2596,0.7812,7052.3608,1.5625,4041.7971,3.1250,1845.0764,1571.1906,0.7812,24531.8711,3.9062,2511.7817,1.5625,2440.3257
201734,206.0367,1.5625,1382.3032,2.3438,1282.5471,6.2500,1047.8604,550.9176,0.7812,7111.0527,1.5625,3717.5923,3.1250,2689.0852,1697.4355,0.7812,25857.0215,2.3438,4447.0054,1.5625,4086.2922
203010,249.1565,0.7812,2337.8279,2.3438,1499.5898,3.1250,1443.7069,613.7700,0.7812,8212.0117,1.5625,3388.8386,2.3438,3126.7563,1851.6090,0.7812,28907.0430,1.5625,4934.9629,3.9062,2454.7119
204284,256.1152,0.7812,2609.5803,2.3438,1599.8180,5.4688,1368.8500,521.6804,0.7812,6323.8647,1.5625,3531.3704,2.3438,3415.2859,1804.0754,0.7812,28009.0723,1.5625,5640.4629,2.3438,2239.5801
205560,214.1884,0.7812,2428.1414,5.4688,1008.4316,10.1562,993.5004,467.7029,0.7812,5165.9575,1.5625,4395.0928,2.3438,2409.8542,1606.6698,0.7812,23973.1719,1.5625,7293.0181,3.1250,3212.2446
206837,266.7670,0.7812,2856.0066,6.2500,1406.5005,7.0312,1254.9160,535.2494,0.7812,6119.4766,1.5625,5037.2114,2.3438,2476.8225,1696.1903,0.7812,26112.6094,1.5625,6294.4292,7.0312,1589.8132
208062,247.7423,0.7812,3096.0291,3.1250,1325.1295,4.6875,951.2647,569.0574,1.5625,6209.3608,0.7812,5734.8184,2.3438,2354.0122,1731.2448,0.7812,26977.9102,1.5625,4301.7544,2.3438,2969.4514
209337,223.9056,0.7812,2657.9878,5.4688,1158.0850,6.2500,1034.1361,476.9926,0.7812,5680.4185,1.5625,4865.7017,2.3438,1099.7828,1607.0504,0.7812,24854.2285,1.5625,5526.5083,2.3438,1290.3374
210613,242.8681,0.7812,2342.9636,1.5625,1405.5182,7.8125,1129.3176,396.8536,0.7812,5206.3457,1.5625,3182.3206,3.1250,990.3513,1410.3527,0.7812,21140.1152,1.5625,6232.3169,2.3438,3988.8984
211889,111.4706,0.7812,859.9084,1.5625,625.2099,4.6875,387.1923,93.5386,7.0312,311.3733,7.8125,302.9822,4.6875,270.9897,455.8740,7.8125,1931.1162,8.5938,1927.1757,7.0312,1847.8494
213164,14.0490,0.7812,113.8276,1.5625,66.9908,10.1562,44.4959,9.2926,0.7812,41.7762,7.0312,29.0572,1.5625,27.2320,11.9588,137.5000,36.1982,125.7812,33.6315,117.9688,33.5532
214438,9.8835,22.6562,44.9382,0.7812,43.7725,8.5938,42.7945,9.1528,6.2500,34.7155,7.8125,26.6606,8.5938,25.8888,11.7287,14.8438,34.8597,138.2812,31.7160,140.6250,31.6044
215666,7.4294,10.1562,44.4513,9.3750,31.3362,10.9375,29.2388,7.7104,29.6875,22.1130,7.0312,19.2134,17.9688,18.2660,10.4124,122.6562,34.5485,26.5625,33.1021,153.9062,29.9794
216942,6.9637,10.1562,28.5494,10.9375,24.5368,13.2812,22.6499,7.4362,9.3750,24.1277,7.0312,21.9566,155.4688,20.4849,10.1337,7.8125,35.6355,146.0938,30.5831,138.2812,29.3471
218217,8.5929,11.7188,50.6926,10.1562,34.5038,9.3750,28.9579,7.7719,9.3750,28.2400,146.0938,24.4320,166.4062,21.4301,10.9626,11.7188,40.7836,121.8750,31.8144,146.0938,29.4422
219493,6.7776,21.8750,25.8276,9.3750,23.4434,18.7500,23.2587,7.1036,10.1562,22.9027,8.5938,20.0150,69.5312,19.2144,10.2051,122.6562,28.7164,130.4688,28.5626,123.4375,27.4743
220769,7.8952,12.5000,51.9992,0.7812,35.4214,10.1562,27.3793,7.6990,7.8125,33.2763,7.0312,23.1384,12.5000,21.6529,10.3464,146.0938,40.2103,46.0938,32.1530,141.4062,31.7239
221995,278.9060,0.7812,3310.2720,1.5625,2268.1350,3.1250,1441.9771,426.1641,0.7812,4920.6592,1.5625,4413.0361,2.3438,1257.5656,1365.5559,0.7812,18230.9141,1.5625,11042.1201,3.1250,2555.4133
223270,331.0537,0.7812,3566.3447,1.5625,2210.8994,3.9062,1767.1301,548.0503,1.5625,6633.3320,0.7812,4626.2036,2.3438,2588.4238,1900.8754,0.7812,28531.9473,1.5625,9065.1094,2.3438,2583.7043
224546,330.9868,0.7812,3512.4026,3.9062,1988.8379,4.6875,1658.3816,534.4292,1.5625,6900.1753,0.7812,3964.3345,3.9062,1441.3258,2130.5442,0.7812,33246.5469,1.5625,4548.5308,2.3438,3284.4265
225821,356.6922,0.7812,4508.1875,3.1250,1926.1027,8.5938,1229.0940,532.8918,0.7812,6283.2896,1.5625,4144.5439,3.1250,2067.4949,1985.7089,0.7812,30779.6523,1.5625,5893.7397,2.3438,2752.7363
227096,325.4362,0.7812,3925.8489,1.5625,1888.6052,2.3438,1401.9641,580.3923,1.5625,6384.7773,0.7812,5940.6562,3.1250,1884.1378,1840.6871,0.7812,28011.6914,2.3438,5325.7114,1.5625,4606.2554
228370,356.4436,0.7812,4052.2725,3.9062,1670.1362,1.5625,1494.8385,613.6544,0.7812,7347.1455,1.5625,4452.4790,2.3438,3662.2217,1929.2657,0.7812,30041.3184,2.3438,4300.6426,1.5625,4089.7410
229598,286.7636,0.7812,3077.3684,1.5625,1734.6903,3.9062,1473.3413,535.3118,0.7812,6532.3076,1.5625,4288.6904,2.3438,2849.1099,1867.7572,0.7812,29378.9062,1.5625,4053.4026,3.1250,2524.0139
230874,297.0192,0.7812,3303.3071,1.5625,1938.4910,3.1250,1874.3781,530.0270,0.7812,6110.4263,1.5625,4414.2588,2.3438,3069.5896,1731.9635,0.7812,26667.1367,1.5625,5424.0688,3.1250,3476.3801
232149,280.5896,0.7812,2813.4751,4.6875,1633.8466,1.5625,1556.8795,616.0378,1.5625,6550.9531,0.7812,5998.7998,2.3438,3370.5266,1781.5883,0.7812,26762.0039,1.5625,8919.2383,2.3438,2108.5723
233425,286.4912,0.7812,2637.6819,4.6875,2007.1849,1.5625,1552.5657,567.9324,0.7812,5730.2437,1.5625,5633.1401,2.3438,3300.7688,1682.6406,0.7812,26114.0020,1.5625,4668.9067,2.3438,2486.2368
234700,135.1356,6.2500,1052.3237,4.6875,904.4989,5.4688,831.2726,87.4656,0.7812,534.7964,1.5625,488.2003,2.3438,425.5475,425.5635,0.7812,3839.3411,1.5625,2977.2756,2.3438,2373.3628
235976,13.8051,0.7812,87.2452,15.6250,61.9064,10.9375,60.5801,8.3273,7.8125,33.1588,0.7812,26.6731,5.4688,25.9307,12.5027,138.2812,46.8728,128.1250,39.0121,130.4688,38.0800
237201,6.9537,15.6250,26.1552,21.0938,25.2914,17.1875,24.8939,7.3071,7.0312,22.5574,4.6875,21.7128,0.7812,21.5318,11.8408,128.9062,46.8107,26.5625,32.8382,16.4062,32.4474
238476,6.0635,17.1875,26.7077,10.9375,26.4169,16.4062,22.6468,7.3091,7.8125,34.5800,10.1562,19.5374,157.8125,18.5166,10.1072,146.0938,24.9122,115.6250,24.7228,15.6250,24.4970
239752,6.9521,17.9688,28.5344,14.8438,24.8438,30.4688,24.5499,7.8180,8.5938,28.8160,147.6562,21.2366,10.9375,20.1773,11.4024,28.1250,36.1812,123.4375,31.7503,92.1875,31.0881
241027,6.1394,30.4688,18.9549,10.9375,18.9221,27.3438,17.4155,6.8722,8.5938,33.3158,7.0312,29.4971,178.1250,16.8696,10.3243,130.4688,37.5001,8.5938,31.7787,138.2812,27.6328
242302,6.5287,14.0625,33.5258,18.7500,27.0093,11.7188,25.0741,8.1121,7.8125,31.5001,14.0625,21.5770,189.8438,20.1399,10.7835,130.4688,39.6886,138.2812,34.8325,79.6875,29.9543
243577,6.9929,10.1562,25.8009,29.6875,25.7772,28.9062,22.2572,7.8494,7.0312,25.7409,121.0938,20.9657,130.4688,20.8772,10.4144,131.2500,31.4157,39.8438,27.3398,138.2812,27.2487
244805,5.8439,14.0625,24.4732,17.1875,22.5137,17.9688,21.8847,7.5411,7.8125,43.3747,92.1875,22.4238,10.1562,20.3000,10.3701,7.8125,32.1228,130.4688,30.0429,139.0625,30.0421
246080,5.5301,23.4375,26.1311,17.9688,19.7275,28.1250,17.3480,7.1763,7.8125,41.5879,0.0000,27.1450,192.1875,20.8206,9.6099,197.6562,28.7451,128.9062,27.5449,130.4688,25.4562
247356,122.3246,0.7812,1199.4966,1.5625,968.0307,2.3438,680.7513,225.0137,0.7812,2026.6381,1.5625,1834.8447,2.3438,1387.3796,687.9525,0.7812,7281.9673,1.5625,5862.9238,2.3438,3957.0588
248631,243.4964,0.7812,2653.6758,4.6875,1567.9558,6.2500,1049.9264,503.7936,0.7812,5393.1606,3.1250,3115.2053,2.3438,2935.9324,1958.0504,0.7812,29707.9551,2.3438,4666.9155,3.9062,4650.8823
249907,249.6333,0.7812,3191.2131,3.9062,1243.6278,3.1250,1203.0402,609.7747,0.7812,7934.5972,1.5625,4105.7109,2.3438,3430.9937,2079.6025,0.7812,31943.2480,1.5625,6770.4927,3.1250,4999.9756
251181,324.4539,0.7812,2945.1558,1.5625,2269.4333,6.2500,1851.2233,591.4160,0.7812,6850.0283,1.5625,5064.2715,2.3438,2938.4900,1847.8573,0.7812,26504.8926,1.5625,11305.6943,5.4688,3065.7903
252407,262.6463,0.7812,2475.0813,1.5625,1784.3105,3.9062,1161.5299,574.1425,0.7812,6669.0845,1.5625,5508.9219,2.3438,2296.4158,1679.4001,0.7812,25566.1074,1.5625,7084.2261,2.3438,3082.2651
253682,268.2067,0.7812,2736.8066,3.1250,1578.9127,1.5625,1578.8663,481.2633,0.7812,5595.6318,1.5625,4778.7329,2.3438,1288.9652,1861.7316,0.7812,29024.7246,1.5625,3685.4045,3.9062,2562.7346
254958,241.1488,0.7812,2886.9819,3.1250,1540.8534,1.5625,1004.0066,556.5032,0.7812,6646.1289,1.5625,5058.9609,3.1250,2484.2156,1731.3523,0.7812,26916.1641,2.3438,4729.2910,1.5625,2614.6494
256232,246.5292,0.7812,2778.6343,2.3438,1187.4147,10.9375,979.3820,502.2425,0.7812,5960.2832,1.5625,4054.6213,3.1250,2518.5496,1646.6525,0.7812,25036.1152,1.5625,4810.9629,2.3438,4262.1016
257507,276.4297,0.7812,3369.7788,3.9062,1259.4960,7.0312,1222.9031,649.3564,0.7812,7677.2158,1.5625,4867.8359,2.3438,4229.8086,1816.1733,0.7812,28391.2617,1.5625,4489.6201,3.9062,2393.2483
258783,222.5187,0.7812,1859.0815,1.5625,1477.8812,3.1250,1311.0659,358.2221,0.7812,3514.5334,1.5625,3430.7407,2.3438,1570.8964,1104.9266,0.7812,13099.4482,1.5625,9783.4561,3.1250,2801.2593
260011,29.5010,7.0312,207.3423,0.7812,150.9500,11.7188,148.2506,14.9987,0.7812,134.2467,1.5625,76.2491,3.1250,59.1425,14.0930,20.3125,50.4530,6.2500,47.9627,25.0000,47.5980
261287,12.1817,16.4062,89.9723,8.5938,49.9724,15.6250,48.9148,7.9845,0.7812,34.7992,7.0312,34.3684,8.5938,29.3305,11.2370,24.2188,43.1288,28.9062,38.4191,115.6250,33.5750
262561,10.3340,9.3750,74.4850,11.7188,61.6515,16.4062,44.5671,7.8330,8.5938,27.5721,10.9375,21.4503,161.7188,21.4051,11.8477,25.0000,43.2410,28.1250,39.3274,123.4375,32.7606
263837,9.9246,14.8438,56.2012,16.4062,54.4034,11.7188,48.1004,8.2243,7.8125,36.0996,2.3438,29.4126,7.0312,28.8148,10.6638,26.5625,32.5471,138.2812,30.2899,146.0938,29.6690
265114,9.3053,8.5938,51.6196,7.8125,50.3521,10.9375,46.9516,7.8970,7.0312,49.9812,7.8125,33.9164,146.8750,23.5270,10.8528,198.4375,30.1887,28.1250,29.6601,139.0625,28.3581
266387,13.2372,9.3750,128.5663,7.8125,75.0600,8.5938,56.7348,8.0817,7.8125,25.0464,9.3750,22.8766,8.5938,22.4939,11.8391,21.8750,39.1196,30.4688,33.4725,28.9062,30.5615
267613,9.4270,10.1562,55.8475,9.3750,51.4872,11.7188,45.7840,7.1506,7.0312,36.5182,153.9062,25.3462,5.4688,23.7523,11.1040,8.5938,32.6680,153.9062,31.2093,32.0312,30.6295
268889,10.3181,10.9375,64.8464,11.7188,58.5032,13.2812,45.2355,7.4821,8.5938,25.9542,13.2812,21.9441,196.8750,21.7736,11.2684,25.7812,46.0095,28.1250,39.3647,92.1875,30.3457
270165,10.3545,10.1562,91.6264,9.3750,66.8854,8.5938,50.4572,7.0504,8.5938,30.6214,10.1562,25.9830,7.8125,20.6795,11.2415,130.4688,33.0293,15.6250,31.4681,25.7812,31.3820
271439,10.2361,9.3750,75.7626,11.7188,62.4546,10.1562,57.6310,7.5233,5.4688,20.6080,138.2812,20.3025,189.0625,19.8123,10.9820,32.0312,35.8268,30.4688,31.7978,25.7812,28.5017
272715,141.5089,0.7812,1004.4063,1.5625,821.7115,4.6875,730.2308,176.8011,0.7812,1798.7920,1.5625,1591.6302,2.3438,1135.4725,714.8176,0.7812,6645.4185,1.5625,6075.3799,2.3438,5006.2964
273990,269.9526,0.7812,2767.4065,5.4688,1820.6240,1.5625,1610.7186,488.5467,0.7812,5463.6816,1.5625,3511.8301,2.3438,3387.0955,1891.3934,0.7812,28960.8730,1.5625,4745.6167,3.1250,3794.6672
275216,224.2230,0.7812,2492.0591,3.9062,1413.5004,7.8125,1099.9166,587.7328,0.7812,8221.8301,2.3438,3148.1318,1.5625,2535.5176,1930.9183,0.7812,29872.0957,1.5625,6175.8931,3.1250,3542.2148
276491,191.0952,0.7812,2124.1350,1.5625,883.0929,6.2500,877.5541,479.2086,0.7812,5991.2749,1.5625,3713.1904,2.3438,2342.5173,1690.6868,0.7812,25006.3633,1.5625,8455.6406,2.3438,2925.1311
277767,338.0115,0.7812,3296.7476,1.5625,2294.9878,2.3438,1700.1619,515.2574,1.5625,5725.6675,0.7812,5246.6528,2.3438,1850.9960,1719.5839,0.7812,26214.3965,1.5625,6685.8018,3.1250,3775.1941
279042,311.3236,0.7812,3589.3113,3.1250,2062.4834,1.5625,2024.0995,535.9749,1.5625,6979.0103,0.7812,4342.9375,3.1250,1211.0774,1971.9521,0.7812,30620.5508,1.5625,5901.3892,3.1250,3155.9331
280317,283.4964,0.7812,3160.6318,2.3438,1281.6501,9.3750,1147.8425,590.8972,0.7812,6340.8135,1.5625,6213.9492,4.6875,1651.4825,1842.3491,0.7812,28785.3574,1.5625,4394.7070,6.2500,2272.0469
281591,266.9218,0.7812,2708.2507,4.6875,1577.2579,3.9062,1390.2107,515.7880,0.7812,5654.0825,1.5625,5312.4673,3.1250,1541.1741,1644.9561,0.7812,25123.5234,2.3438,5144.3164,1.5625,4598.3501
282819,323.0496,0.7812,3440.2231,3.1250,2543.9097,4.6875,1235.7539,680.3268,0.7812,8628.2578,1.5625,5012.0376,2.3438,2764.9836,1744.2053,0.7812,26687.2070,2.3438,4031.0620,1.5625,3507.9812
284094,217.0534,0.7812,2034.5065,6.2500,1274.3918,7.0312,1158.1246,443.1561,0.7812,5744.0029,1.5625,3387.0605,3.1250,1138.1475,1263.7072,0.7812,17337.6621,1.5625,8515.7373,3.9062,2666.5525
285370,62.3273,0.7812,240.3719,1.5625,216.9606,2.3438,216.4123,102.3199,0.7812,706.8956,1.5625,640.1790,2.3438,629.6537,106.1032,8.5938,309.6905,14.8438,296.2817,15.6250,284.1938
286644,4.4445,0.0000,15.4940,14.8438,12.3519,129.6875,11.7057,7.2089,3.1250,26.9699,3.9062,23.2947,15.6250,22.3227,11.0994,122.6562,45.6278,146.0938,35.3091,124.2188,32.8065
287921,4.2153,68.7500,11.2381,75.7812,10.9251,46.0938,10.6123,7.1994,122.6562,22.0639,110.9375,21.6101,53.9062,19.9017,10.8099,146.0938,41.5717,139.0625,38.8244,138.2812,34.2349
289148,4.1247,51.5625,10.2755,38.2812,10.1125,83.5938,10.0190,6.3223,141.4062,18.4173,184.3750,18.1627,52.3438,17.7019,9.7784,138.2812,45.4716,121.8750,33.8155,146.0938,33.7406
290423,4.1748,188.2812,12.7317,195.3125,12.0760,86.7188,10.8046,6.5290,187.5000,20.7516,166.4062,19.7648,14.8438,19.7360,10.7768,130.4688,51.7694,122.6562,35.5641,138.2812,35.5197
291699,12.6189,0.7812,46.0242,11.7188,32.5428,9.3750,30.7246,20.9493,3.9062,75.3773,9.3750,64.0655,7.0312,63.4646,21.8981,58.5938,61.6282,51.5625,55.8827,48.4375,54.6449
292974,174.3405,0.7812,1903.2744,1.5625,786.9067,3.1250,591.1980,142.9479,0.7812,1282.9377,1.5625,1221.6835,2.3438,468.8503,101.1813,5.4688,675.8201,6.2500,524.5961,0.7812,467.4853
294250,255.6047,1.5625,2177.0933,7.0312,1688.4817,7.8125,1143.4741,273.8770,0.7812,2297.1589,1.5625,2129.9241,2.3438,2060.1475,846.9833,1.5625,8808.1289,0.7812,7617.1353,2.3438,4829.5674
295524,211.1849,0.7812,2373.6287,4.6875,968.6507,1.5625,932.5737,617.3105,0.7812,8324.7139,1.5625,3731.3521,2.3438,3224.4048,1635.7072,0.7812,25700.7793,1.5625,4027.9910,2.3438,2011.8485
296750,224.0771,0.7812,2541.7439,1.5625,1132.7313,3.9062,1046.6810,637.5424,0.7812,7153.2944,1.5625,5866.0977,2.3438,3774.6177,1665.5334,0.7812,24528.2500,1.5625,9293.7666,3.9062,2001.5071
298026,312.8883,0.7812,2790.6787,5.4688,2087.9500,1.5625,1565.7451,613.4067,0.7812,6952.3979,1.5625,5749.0420,2.3438,3036.9685,1799.0510,0.7812,26600.3906,1.5625,9245.3828,3.1250,3294.2808
299301,259.0593,1.5625,2014.6489,4.6875,1611.2343,0.7812,1289.2468,534.3318,0.7812,6397.2764,1.5625,5160.2622,4.6875,1002.5510,1819.2426,0.7812,28441.4238,1.5625,4058.8784,3.9062,2654.8301
300576,210.5826,3.1250,1552.5144,1.5625,1171.6760,6.2500,1156.2648,705.0717,0.7812,9313.6455,1.5625,5281.4048,3.1250,2726.4165,1798.9413,0.7812,27628.5664,1.5625,5281.2271,4.6875,2640.4011
301852,214.9855,3.1250,1700.0081,3.9062,1348.0864,0.7812,1319.4951,625.3702,0.7812,8121.8276,1.5625,5009.8105,3.1250,2472.0024,1687.9175,0.7812,26138.7012,2.3438,4609.2544,3.9062,2977.9524
303128,245.1566,0.7812,2276.1743,1.5625,1281.2842,3.1250,1098.4735,613.3513,0.7812,8252.7891,2.3438,2954.4011,1.5625,2779.6396,1828.5514,0.7812,28637.3379,1.5625,3718.1643,2.3438,2965.6936
304354,180.5190,0.7812,1511.6068,1.5625,800.8840,8.5938,743.4650,412.9923,0.7812,4495.7705,1.5625,3522.6313,2.3438,2096.1724,1043.8608,0.7812,12280.4414,1.5625,9071.1973,3.1250,2624.0901
305630,76.0523,0.7812,738.1267,1.5625,409.0790,3.9062,259.1891,127.9615,0.7812,1634.4391,2.3438,450.4815,3.1250,350.3886,110.9584,45.3125,341.0457,15.6250,303.6046,53.1250,297.3951
306905,4.0520,24.2188,10.7492,78.9062,9.9103,59.3750,9.5090,6.8431,7.8125,18.5203,141.4062,18.4001,123.4375,17.8682,10.2359,160.1562,26.4529,152.3438,25.7362,100.0000,25.3638
308181,4.4818,63.2812,13.6830,181.2500,13.0642,173.4375,12.9094,7.1941,0.0000,20.3740,114.0625,16.1681,1.5625,15.9968,10.3160,138.2812,33.5605,135.9375,29.3835,196.0938,27.4554
309456,4.2261,110.9375,14.0257,61.7188,11.2373,198.4375,10.4215,7.2454,141.4062,21.2181,194.5312,20.8026,115.6250,19.6358,10.6167,16.4062,35.7693,122.6562,34.2525,131.2500,33.0269
310731,4.4099,80.4688,11.7436,38.2812,11.5140,106.2500,11.4002,7.4971,137.5000,28.6342,192.1875,21.2589,0.0000,21.1060,11.2788,15.6250,56.3357,146.0938,38.8464,130.4688,33.5479
311959,11.7350,0.7812,53.2402,40.6250,32.0606,8.5938,30.3065,15.1175,14.8438,39.3974,13.2812,39.3286,16.4062,34.6513,14.4106,121.0938,46.3590,124.2188,46.1109,146.0938,38.8415
313234,38.6191,66.4062,89.8486,55.4688,87.1872,61.7188,85.7058,15.1821,86.7188,43.9519,72.6562,40.6572,101.5625,37.9245,15.7530,124.2188,50.1877,115.6250,46.9576,122.6562,41.4381
314510,62.0545,0.7812,305.7296,2.3438,298.4256,1.5625,287.7758,39.9737,7.0312,159.0242,17.1875,141.6261,15.6250,134.5704,41.8350,15.6250,150.5477,14.8438,111.4140,6.2500,105.0317
315784,279.5385,1.5625,1668.1185,6.2500,1593.6581,0.7812,1422.9171,360.5699,1.5625,4000.6406,2.3438,2771.2642,0.7812,1778.8284,1114.2643,0.7812,14112.2842,1.5625,10068.4688,2.3438,2057.5159
317061,274.7239,6.2500,1968.7872,9.3750,1581.7428,4.6875,1467.9370,497.1489,1.5625,5278.5615,0.7812,5117.7134,2.3438,1599.5077,1566.0469,0.7812,22995.6973,1.5625,7722.0620,3.9062,2995.5754
318337,213.5313,6.2500,1551.7621,0.7812,1378.1891,1.5625,1214.6924,577.0494,0.7812,6982.3330,1.5625,5560.7163,2.3438,1264.4832,1590.4756,0.7812,24558.7227,1.5625,4280.0791,3.1250,2949.6929
319562,208.7916,0.7812,2010.4426,1.5625,1315.6697,3.9062,1076.6787,619.9012,1.5625,7272.6011,0.7812,5814.3872,2.3438,2255.0112,1829.4342,0.7812,28443.2637,1.5625,4818.0796,2.3438,4116.5278
320837,159.1750,6.2500,1203.9910,0.7812,911.7576,1.5625,864.4948,694.8752,0.7812,9485.2998,1.5625,5292.7476,3.1250,1595.9888,1698.9001,0.7812,25759.7969,2.3438,6172.0161,3.1250,3313.1682
322113,179.5962,1.5625,1288.2314,0.7812,1204.1376,2.3438,931.3000,715.8406,0.7812,10182.0811,1.5625,4324.2788,3.1250,2059.1611,1595.2549,0.7812,24026.7578,1.5625,5245.9678,2.3438,4354.5195
323388,252.8970,0.7812,3166.3816,1.5625,947.5488,3.1250,937.0765,735.8354,0.7812,9657.1865,1.5625,4806.0664,2.3438,3121.0503,1797.2598,0.7812,27892.6895,1.5625,5540.0059,4.6875,2193.8643
324663,260.2571,0.7812,2643.2783,6.2500,1212.6031,3.1250,1037.2213,738.0883,0.7812,10599.5029,1.5625,3851.2751,2.3438,2584.8857,1874.5378,0.7812,29222.4453,1.5625,5189.8862,3.1250,2095.6804
325938,177.9370,0.7812,1095.7848,5.4688,1060.3699,4.6875,1020.1402,530.4585,0.7812,7389.1733,1.5625,2629.8184,2.3438,2592.1184,1467.7753,0.7812,22827.1914,1.5625,4635.6797,3.9062,1501.1367
327165,178.0669,1.5625,1030.8936,3.1250,873.6979,2.3438,821.0835,189.1289,0.7812,2174.8125,3.1250,763.1774,6.2500,626.4444,518.4302,0.7812,4811.3242,1.5625,4038.1472,2.3438,3132.7991
328441,7.2453,15.6250,60.8695,3.9062,40.1865,16.4062,27.3140,12.6166,3.9062,100.6707,15.6250,84.6279,3.1250,54.4939,12.9004,15.6250,82.2633,16.4062,64.7854,14.8438,49.7490
329715,4.1925,133.5938,11.6569,125.7812,10.4719,103.9062,10.4093,6.7035,184.3750,19.6381,146.8750,19.1353,197.6562,18.8070,10.4559,107.8125,34.0567,115.6250,33.2125,192.1875,27.7102
330991,3.5460,191.4062,10.3405,53.9062,9.7752,119.5312,9.4079,6.8914,196.0938,21.8441,0.0000,18.4830,123.4375,18.1387,9.8753,138.2812,36.6396,153.9062,36.2931,122.6562,30.8912
332267,4.0664,84.3750,11.5546,102.3438,10.7405,189.8438,10.3103,6.1911,191.4062,21.6625,192.9688,20.0694,189.8438,18.8537,10.2850,130.4688,39.3799,138.2812,33.8702,121.8750,33.1372
333542,4.0082,198.4375,10.6589,194.5312,10.1813,7.8125,9.5279,6.5000,139.8438,23.0564,175.7812,20.2348,146.0938,19.4069,9.8636,146.0938,32.8283,130.4688,31.9423,121.8750,28.2465
334768,4.0233,28.9062,10.6360,123.4375,10.5125,92.9688,10.3663,6.3016,146.0938,20.3524,169.5312,17.8923,197.6562,16.6670,10.2605,0.0000,32.0250,7.8125,26.8131,122.6562,26.5505
336043,4.1577,83.5938,12.0607,46.0938,11.8428,181.2500,11.5933,6.6666,196.0938,24.3876,199.2188,23.4001,192.9688,20.3635,10.2383,123.4375,33.5672,131.2500,32.5325,114.8438,29.6180
337319,4.1745,122.6562,12.1860,85.1562,11.2216,78.1250,10.9086,6.3995,190.6250,16.9238,167.1875,16.9186,164.0625,16.3096,9.8048,0.0000,42.5170,153.9062,28.9035,115.6250,27.2051
338593,3.8623,126.5625,11.1804,146.8750,10.3601,128.9062,9.8910,6.2713,159.3750,23.0254,187.5000,18.5326,75.0000,17.3542,9.7614,122.6562,35.9737,28.9062,27.7921,160.1562,26.3167
339868,4.1437,189.0625,14.4236,84.3750,12.1060,31.2500,11.7330,6.8289,161.7188,19.2688,184.3750,18.3910,183.5938,17.7440,11.0731,138.2812,33.2257,54.6875,33.1727,132.0312,30.6311
341144,4.1097,197.6562,11.4664,164.0625,10.6319,23.4375,10.2086,6.5355,137.5000,22.0550,168.7500,20.8063,129.6875,19.7078,9.8927,130.4688,36.5435,138.2812,35.2937,139.0625,35.2677
342372,4.0369,0.7812,10.9158,23.4375,10.7869,96.0938,10.5336,6.7987,7.8125,23.1851,153.9062,21.8987,190.6250,20.6733,9.7667,139.0625,35.1272,153.9062,31.4595,131.2500,31.0405
343647,4.0930,125.7812,12.5034,178.1250,11.1798,129.6875,10.6616,6.6369,184.3750,23.9535,122.6562,23.4083,176.5625,22.1964,10.0613,131.2500,32.2120,125.0000,28.2653,153.9062,26.8703
344923,3.9591,79.6875,9.5594,71.8750,9.5503,93.7500,9.2347,6.7038,21.0938,18.2598,187.5000,17.3194,130.4688,16.5672,10.7740,131.2500,44.1989,124.2188,40.0562,128.9062,32.9258
346198,4.0825,131.2500,12.7009,182.8125,11.1248,62.5000,11.0934,6.4417,123.4375,24.0166,122.6562,18.9614,194.5312,17.9033,9.9886,138.2812,41.9821,0.0000,33.7940,139.0625,33.3421
347474,3.9874,135.1562,11.3452,84.3750,10.3310,44.5312,9.7530,6.3424,161.7188,21.2708,199.2188,20.7748,113.2812,17.5206,9.6535,161.7188,30.3082,142.1875,29.3093,107.8125,26.5710
348700,4.0928,115.6250,12.5139,184.3750,9.4987,154.6875,9.3580,6.9666,3.1250,20.0498,153.9062,19.1937,196.8750,17.7486,10.3131,153.9062,36.0024,146.8750,28.7397,2.3438,28.3224
349976,3.9410,103.1250,11.8021,95.3125,10.6778,122.6562,10.3562,6.1419,115.6250,20.3894,199.2188,20.3344,191.4062,17.5027,9.1529,130.4688,33.1449,138.2812,23.4406,77.3438,22.5557
351251,3.9097,157.8125,11.6836,123.4375,10.8496,51.5625,9.8999,6.5129,196.8750,20.2159,122.6562,20.1046,189.0625,18.7076,9.1639,123.4375,46.5605,196.8750,28.8401,131.2500,27.8871
352527,4.0143,192.9688,13.7466,118.7500,11.5979,131.2500,10.2703,6.2852,193.7500,24.6478,123.4375,16.8050,169.5312,16.3005,10.5301,0.0000,38.6130,115.6250,34.2114,126.5625,29.8604
353801,3.6699,116.4062,13.2399,53.9062,10.4326,194.5312,10.2496,6.2114,146.0938,21.0131,153.9062,17.2626,115.6250,17.0725,10.1902,0.0000,60.9390,146.0938,29.8776,145.3125,28.1536
355076,4.0903,118.7500,11.8643,122.6562,11.3690,53.9062,11.1345,6.3698,115.6250,29.4839,114.8438,22.7950,122.6562,20.9957,10.2123,136.7188,31.2620,122.6562,30.0191,189.0625,28.3246
356302,3.8986,88.2812,10.9451,190.6250,10.1495,198.4375,9.9563,6.5389,153.9062,23.4538,155.4688,21.2186,197.6562,18.3258,8.8190,122.6562,32.5823,183.5938,25.7794,192.1875,24.2254
357578,3.6310,118.7500,11.4472,115.6250,11.2515,146.0938,11.1989,6.1635,187.5000,17.1737,168.7500,16.7496,197.6562,15.7060,9.4359,115.6250,37.2040,189.0625,27.7662,0.0000,27.5110
358853,3.8447,78.9062,11.7119,38.2812,10.2646,86.7188,9.0418,5.9913,107.0312,17.5866,196.8750,17.1167,160.1562,16.8338,9.5890,146.0938,28.2636,153.9062,27.7948,138.2812,26.3066
360129,3.8734,121.8750,10.7132,115.6250,9.9380,136.7188,9.7765,6.4064,149.2188,18.2678,146.0938,18.1025,115.6250,17.8476,9.8546,123.4375,34.2358,0.0000,31.9030,92.1875,28.4877
361404,4.2030,180.4688,11.3716,116.4062,10.7644,76.5625,10.1560,6.4469,198.4375,23.7728,193.7500,22.2339,155.4688,19.6827,9.6287,131.2500,35.7692,126.5625,29.3170,138.2812,27.3050
362679,3.8739,130.4688,11.0142,60.1562,10.0213,68.7500,9.9459,6.5666,142.1875,20.8120,153.9062,19.2818,121.8750,18.9030,10.0045,153.9062,34.4703,196.8750,34.3437,195.3125,26.3483
363904,4.0260,117.9688,10.9103,25.7812,10.6438,81.2500,9.9522,6.5088,124.2188,22.7287,132.0312,17.8684,109.3750,17.1536,11.2647,138.2812,34.9766,123.4375,34.9602,131.2500,33.5310
365179,3.7146,114.8438,13.4089,107.8125,11.9187,59.3750,11.8527,6.2310,199.2188,20.8533,173.4375,20.7609,160.9375,17.9866,8.9673,146.0938,27.8502,199.2188,23.4990,121.8750,23.3583
366454,3.7602,189.0625,9.7093,17.9688,9.6104,181.2500,8.8545,6.3517,103.9062,19.3456,110.1562,17.5113,190.6250,17.2603,8.8849,146.0938,34.1619,46.0938,25.2466,169.5312,24.6866
367730,6.0639,15.6250,50.5869,16.4062,40.0262,12.5000,18.7208,10.3593,16.4062,85.3422,15.6250,79.2331,14.8438,25.6098,16.7069,15.6250,139.7812,16.4062,101.1899,17.1875,75.2669
369004,3.9922,193.7500,12.1775,92.1875,10.5162,107.8125,10.0892,6.3358,187.5000,20.8847,197.6562,19.7680,193.7500,18.4198,10.5392,123.4375,32.2956,122.6562,29.3185,138.2812,29.2280
370280,4.1350,92.1875,12.1928,197.6562,11.9548,125.0000,11.4965,6.3752,150.7812,21.5569,199.2188,18.9516,100.0000,18.7271,10.1437,130.4688,35.8663,197.6562,31.5509,92.1875,30.4864
371507,4.0571,124.2188,10.4907,197.6562,10.4643,71.0938,9.4330,6.2405,128.9062,21.1373,153.9062,19.5475,161.7188,17.7111,9.9953,146.0938,35.7920,138.2812,29.2054,124.2188,25.2254
372783,4.0044,155.4688,9.8808,196.0938,9.7511,64.8438,9.4641,6.2911,189.8438,19.5011,142.1875,16.8970,134.3750,16.1941,9.9771,197.6562,28.0036,88.2812,26.6538,0.0000,25.5590
374058,4.1902,73.4375,10.1535,193.7500,10.0810,14.0625,9.7347,6.5701,153.9062,17.6672,171.0938,16.4494,75.7812,15.9457,10.6496,92.1875,34.9477,0.0000,34.4650,146.0938,33.2708
375333,3.9408,108.5938,10.9320,46.0938,10.1501,139.0625,10.0882,6.0651,196.0938,18.3074,161.7188,17.9704,114.0625,17.2764,10.1604,139.0625,31.3995,146.0938,30.3931,198.4375,30.1519
376610,3.9106,125.0000,11.6364,53.9062,10.7643,98.4375,9.9933,6.6260,161.7188,23.2561,138.2812,19.7256,153.9062,19.2051,10.1047,146.0938,37.3961,138.2812,33.7524,192.1875,33.6009
377884,4.3256,123.4375,13.8507,192.1875,13.2170,40.6250,11.9656,6.2702,184.3750,24.4171,176.5625,20.4578,132.0312,20.1047,10.7148,123.4375,36.9517,188.2812,33.2119,138.2812,32.5466
379109,4.1062,61.7188,12.1532,130.4688,11.6803,13.2812,10.9402,6.5545,138.2812,19.3801,137.5000,17.1000,73.4375,16.8123,9.9358,0.0000,28.9750,130.4688,24.1268,125.0000,23.9186
380385,4.0213,100.7812,10.6352,107.8125,9.6316,69.5312,9.5166,6.1809,189.0625,19.4875,123.4375,17.7800,196.8750,16.9885,9.9040,138.2812,32.2755,40.6250,31.9825,146.0938,31.1250
381660,27.7138,9.3750,108.5523,10.1562,100.3617,8.5938,99.0674,58.2311,0.7812,344.9823,1.5625,341.5268,2.3438,307.4490,89.2999,0.7812,319.1616,8.5938,304.4437,9.3750,304.3769
382935,535.1266,0.7812,6227.8008,1.5625,4246.0493,2.3438,1890.4570,345.0657,0.7812,4734.2441,3.1250,1137.3712,1.5625,837.9460,715.2103,0.7812,7421.8096,1.5625,7194.1899,2.3438,2280.8303
384210,888.8383,0.7812,12596.2568,1.5625,5443.2817,4.6875,1732.9015,495.1128,0.7812,7513.7280,2.3438,1615.5280,1.5625,1386.5568,1099.0985,0.7812,17293.9883,3.1250,1880.3043,2.3438,1594.2285
385485,876.2112,0.7812,13232.1543,1.5625,2798.2383,2.3438,2426.9150,508.3128,0.7812,7095.3184,1.5625,3375.5247,2.3438,1471.1714,1141.9891,0.7812,16911.8242,2.3438,5512.2197,3.1250,1891.6328
386711,871.1938,0.7812,13617.8164,1.5625,2130.8679,7.8125,911.7040,469.3465,0.7812,6656.8828,1.5625,2231.9607,2.3438,1965.2820,1052.6603,0.7812,15674.7051,3.1250,3461.3853,1.5625,3061.9958
387987,819.4500,0.7812,12820.8975,2.3438,1576.1381,8.5938,1291.9028,328.2905,0.7812,4736.5293,1.5625,1718.6444,3.1250,742.1794,968.1673,0.7812,14795.6045,1.5625,2885.2021,2.3438,2537.1841
389262,802.6198,0.7812,12380.0430,1.5625,1323.3861,3.1250,1280.2428,397.3527,0.7812,6038.1060,1.5625,1530.2145,2.3438,673.6190,1010.9069,0.7812,15732.4502,1.5625,2467.8147,2.3438,1314.4061
390539,810.1627,0.7812,12427.6572,1.5625,2668.0696,5.4688,1175.9249,449.4485,0.7812,6757.2349,1.5625,1910.8527,2.3438,1087.2635,947.7929,0.7812,13946.8594,1.5625,5015.7036,2.3438,1896.5623
391813,752.4492,0.7812,11229.3857,1.5625,2508.0022,3.9062,1622.5978,519.5751,0.7812,7106.9282,1.5625,3774.3643,3.9062,1108.9027,1180.2306,0.7812,17816.6504,1.5625,3863.0886,2.3438,3465.4136
393088,688.1417,0.7812,10309.9854,2.3438,2028.3114,3.1250,1331.6603,505.1336,0.7812,7550.4839,1.5625,1950.2303,2.3438,1226.1871,966.7421,0.7812,14769.6045,2.3438,2359.2026,1.5625,2310.4431
394316,518.1387,0.7812,7637.9834,3.1250,1367.4937,1.5625,1074.9022,437.1649,0.7812,5590.5200,1.5625,3451.2166,2.3438,1287.6562,797.0009,0.7812,11744.6045,1.5625,3999.7852,2.3438,1777.3756
395591,64.9061,0.7812,694.2944,1.5625,354.6874,5.4688,233.6350,31.4965,0.7812,262.5867,1.5625,193.9151,2.3438,137.5391,44.8596,6.2500,227.6563,7.0312,222.6279,9.3750,219.7715
396866,8.3094,2.3438,40.0494,0.7812,36.0316,26.5625,34.5542,8.5689,115.6250,23.3783,22.6562,21.8150,171.0938,21.4097,11.0200,123.4375,32.5838,149.2188,30.2859,39.0625,27.6893
398140,5.8652,38.2812,20.5109,0.7812,16.1028,18.7500,15.1108,7.5781,143.7500,24.1318,138.2812,21.4133,8.5938,20.8530,11.1682,138.2812,42.6725,153.9062,37.7354,32.0312,36.0664
399417,5.0192,28.9062,16.0393,115.6250,12.5346,132.8125,11.8705,6.9445,160.9375,22.7289,138.2812,21.6553,146.0938,19.7275,10.3420,114.0625,33.0907,123.4375,32.4792,139.8438,29.8986
400692,5.0852,95.3125,13.4326,83.5938,12.5563,15.6250,12.0366,8.0750,196.0938,24.9097,117.1875,24.1818,128.9062,23.4978,10.5878,123.4375,39.0043,117.9688,27.7833,184.3750,25.0593
401917,5.0482,145.3125,13.9658,81.2500,13.0738,75.0000,11.6436,7.4417,0.0000,24.0950,161.7188,23.4021,7.8125,23.3218,11.3397,130.4688,32.6503,146.0938,32.2022,113.2812,31.0690
403193,4.5409,137.5000,12.5323,123.4375,11.5895,17.1875,11.4877,6.8456,153.9062,24.6733,168.7500,24.4601,169.5312,23.7031,9.8521,196.0938,37.5574,144.5312,31.3066,184.3750,30.8862
404469,5.0293,38.2812,15.8490,123.4375,12.3974,10.9375,11.5704,7.5768,192.1875,27.8749,177.3438,25.4724,185.9375,22.0540,9.7762,161.7188,32.2556,115.6250,31.1686,123.4375,30.6953
405746,4.6884,67.9688,12.6968,34.3750,11.7479,99.2188,11.6951,6.9661,161.7188,24.2112,184.3750,20.4734,160.9375,20.1479,10.4254,161.7188,38.1216,146.0938,36.7630,199.2188,30.4126
407020,4.9046,83.5938,11.5999,92.1875,10.9699,114.0625,10.9677,8.0455,146.8750,23.0868,160.9375,21.0141,196.8750,20.7208,10.7246,146.0938,50.5639,130.4688,35.5964,153.9062,29.3310
408295,690.2255,0.7812,8237.0010,1.5625,6149.7881,3.9062,1999.3776,263.0922,0.7812,3311.0613,3.1250,1594.9742,1.5625,1387.2889,689.7349,0.7812,8430.9482,1.5625,5380.1934,2.3438,2484.3152
409522,920.7807,0.7812,14169.5098,1.5625,2828.7029,6.2500,1243.9104,577.3403,0.7812,9012.5625,1.5625,1218.8202,3.1250,747.3459,1005.6016,0.7812,15734.6611,2.3438,1961.4072,3.1250,1601.4471
410798,874.7191,0.7812,13244.8428,1.5625,2953.0745,3.1250,1407.2859,549.7339,0.7812,8607.7021,3.1250,924.3372,1.5625,839.8718,1073.4523,0.7812,16713.2207,3.1250,1746.9617,3.9062,1741.8445
412074,991.8561,0.7812,14413.9219,1.5625,5074.7783,2.3438,3342.7737,688.2936,0.7812,10478.3848,1.5625,1893.8240,3.1250,1803.3071,1191.9359,0.7812,17083.3730,3.1250,4838.2319,1.5625,4725.3560
413349,880.6177,0.7812,13305.8926,1.5625,2871.2166,2.3438,2129.8450,539.7880,0.7812,8261.0645,1.5625,1599.5872,2.3438,786.2196,1062.1404,0.7812,16433.8750,1.5625,3169.8374,3.9062,1491.7830
414625,833.0558,0.7812,12398.5703,1.5625,3440.7217,2.3438,1710.3124,575.0786,0.7812,8853.3809,1.5625,1769.6151,2.3438,1041.0875,1096.1486,0.7812,17060.0566,2.3438,2556.1133,1.5625,1871.1333
415900,760.1886,0.7812,11754.7295,3.9062,1241.2271,5.4688,1101.1234,479.4578,0.7812,6991.5444,1.5625,2394.5752,2.3438,1215.3312,1052.7559,0.7812,16529.7109,2.3438,1638.0416,1.5625,1430.8074
417126,664.0206,0.7812,10339.6270,1.5625,953.3197,3.1250,953.0818,545.1661,0.7812,8417.2979,1.5625,1493.4333,3.1250,1007.1924,996.0291,0.7812,15422.9805,1.5625,2724.1414,2.3438,1766.0250
418402,590.3771,0.7812,8879.3662,1.5625,2072.8110,2.3438,1494.9561,478.9495,0.7812,7473.0166,3.1250,1073.0629,1.5625,535.7152,880.0168,0.7812,13801.1973,1.5625,1582.7518,3.1250,988.4220
419678,709.5773,0.7812,10777.6846,1.5625,2337.1870,2.3438,1611.3040,568.8842,0.7812,8926.8721,1.5625,1297.5753,3.1250,502.6011,976.1769,0.7812,15148.5928,1.5625,2800.7124,3.9062,1284.3536
420953,192.9748,0.7812,1717.2185,1.5625,1545.1149,2.3438,1358.0272,72.3169,0.7812,832.9425,1.5625,261.4925,6.2500,196.7912,258.9975,0.7812,3059.8540,1.5625,2114.1528,2.3438,1164.4282
422228,15.6666,0.7812,104.4985,7.8125,102.4396,2.3438,78.7939,11.1530,6.2500,51.7256,11.7188,35.2882,7.0312,32.2611,15.2597,7.8125,76.2925,7.0312,52.3846,5.4688,48.6383
423456,9.7676,0.7812,64.2804,6.2500,45.7460,3.1250,36.7489,10.5650,119.5312,27.3972,59.3750,26.2745,57.0312,25.2259,12.2357,123.4375,39.8947,6.2500,38.6282,7.0312,34.3274
424731,8.7882,0.7812,58.6325,6.2500,46.3433,8.5938,43.6701,8.0144,6.2500,33.6381,7.0312,25.2739,0.7812,24.8595,10.8919,153.9062,31.5553,13.2812,30.5818,15.6250,29.0864
426007,9.2859,0.7812,76.7242,9.3750,35.9052,7.0312,31.9824,8.4375,7.0312,43.3479,4.6875,29.5294,168.7500,22.2943,11.2765,123.4375,42.3671,20.3125,37.9517,16.4062,29.2278
427281,7.3903,0.7812,34.5370,7.8125,34.3334,11.7188,23.4369,7.8719,11.7188,21.8825,189.0625,20.6725,6.2500,20.6540,10.7383,121.8750,34.6786,16.4062,30.0567,130.4688,29.9837
428558,5.5600,17.1875,23.6428,7.8125,19.0573,26.5625,18.3760,7.2811,7.0312,26.0260,153.1250,16.6704,16.4062,16.5239,10.5566,24.2188,26.9506,6.2500,25.7672,113.2812,25.7562
429834,7.6891,10.9375,56.2993,0.7812,37.5529,9.3750,29.0592,6.9639,153.9062,22.1977,7.8125,22.1781,114.0625,18.8527,11.2299,10.9375,45.7457,9.3750,39.6217,124.2188,31.6152
431060,9.2786,0.7812,84.2462,1.5625,41.0835,10.1562,40.4013,8.2243,7.0312,26.6546,9.3750,21.7964,8.5938,21.5454,11.2668,130.4688,30.9953,3.1250,30.3056,198.4375,27.9593
432336,313.1433,0.7812,2427.9146,1.5625,2315.5828,2.3438,2131.9001,72.5814,0.7812,646.2787,1.5625,592.6034,2.3438,489.2588,117.8450,0.7812,657.7256,1.5625,584.3520,4.6875,582.4882
433611,893.7498,0.7812,12798.8535,1.5625,4074.7041,3.9062,2326.7969,452.1523,0.7812,6423.7500,1.5625,1931.1534,2.3438,1553.8435,915.1069,0.7812,13898.6270,1.5625,2722.1807,2.3438,2035.5295
434887,923.9293,0.7812,14122.1758,1.5625,2616.7476,2.3438,1930.4280,497.6259,0.7812,7643.2866,1.5625,1111.1963,2.3438,992.0833,1094.7473,0.7812,16966.9648,1.5625,2593.1980,2.3438,2119.1238
436162,879.2242,0.7812,13348.9980,1.5625,2970.9072,2.3438,1753.1461,428.7997,0.7812,5830.7754,1.5625,2867.5596,2.3438,1546.3528,1062.1417,0.7812,16031.3936,2.3438,3892.2065,1.5625,3328.6689
437437,673.0366,0.7812,10398.6045,9.3750,1126.9027,1.5625,997.3899,465.8436,0.7812,6922.1128,1.5625,1542.1785,3.1250,1384.7302,992.8876,0.7812,15282.2393,3.1250,2306.5569,2.3438,2244.7556
438664,807.3992,0.7812,12200.1123,1.5625,3235.7852,5.4688,1106.1663,560.1533,0.7812,8800.3799,3.1250,1147.0498,2.3438,558.0905,1066.2223,0.7812,16251.5801,1.5625,4264.7051,2.3438,1436.1876
439940,841.9549,0.7812,13219.2686,1.5625,1167.9193,10.1562,1011.6515,499.9481,0.7812,7729.3687,1.5625,1408.2732,3.1250,949.2648,1042.6130,0.7812,16327.8389,1.5625,2366.6318,2.3438,1380.9147
441216,803.2599,0.7812,12599.0127,1.5625,1822.1097,2.3438,879.5582,501.6915,0.7812,7876.4697,1.5625,741.0613,2.3438,680.2026,1016.2474,0.7812,15898.3633,1.5625,3080.9910,2.3438,702.2829
442491,749.9990,0.7812,11494.1641,1.5625,2561.6008,4.6875,874.8320,499.1159,0.7812,7704.0728,3.1250,1158.7777,3.9062,769.9844,1022.9628,0.7812,15711.6953,1.5625,3686.4583,4.6875,1593.7595
443768,719.8179,0.7812,11176.4756,1.5625,2100.5266,2.3438,964.7870,492.3640,0.7812,7688.6416,3.1250,808.2126,1.5625,550.8613,934.8660,0.7812,14491.3379,1.5625,3022.9390,3.1250,888.4153
445042,689.2946,0.7812,10560.5908,1.5625,2285.8687,10.1562,746.3210,361.6430,0.7812,5282.5122,1.5625,1503.2944,3.9062,824.6778,795.5221,0.7812,12166.5166,1.5625,2692.5452,2.3438,1419.6306
446268,121.5683,1.5625,854.5228,0.7812,778.3729,2.3438,695.7765,40.5410,0.7812,254.9172,4.6875,236.5869,5.4688,165.7508,71.2468,8.5938,361.6584,9.3750,323.1363,1.5625,311.1032
447543,16.0997,0.7812,131.2523,7.8125,101.4441,1.5625,86.5983,10.9290,0.7812,57.3736,15.6250,34.0659,2.3438,28.8261,14.4860,14.0625,65.5984,16.4062,53.0734,7.8125,52.6175
448819,11.1235,0.7812,104.2617,1.5625,49.7720,8.5938,42.6386,7.3457,7.8125,27.6352,9.3750,19.2741,4.6875,18.9813,11.4224,7.0312,39.4562,12.5000,36.0852,9.3750,31.8980
450093,9.4753,0.7812,49.3521,8.5938,41.6804,12.5000,39.4871,7.9242,7.0312,28.0658,10.9375,27.8250,8.5938,25.5494,11.7236,8.5938,45.3769,122.6562,38.9188,32.0312,35.3785
451368,7.5368,25.7812,33.2361,11.7188,26.2746,0.7812,25.7617,8.2545,5.4688,23.6980,138.2812,21.5223,107.8125,20.8957,11.3676,14.8438,46.9537,114.8438,30.2824,21.0938,29.6837
452644,8.4045,10.1562,55.4676,13.2812,35.8625,10.9375,35.6557,7.6562,6.2500,23.9134,182.8125,23.8637,4.6875,23.6162,11.0167,10.9375,35.6644,20.3125,30.5834,21.8750,28.9309
453872,7.2352,10.9375,29.5218,7.8125,28.3786,0.7812,27.9539,8.0980,123.4375,24.5553,7.0312,22.2669,117.1875,21.1650,10.9175,17.1875,33.6908,138.2812,32.4940,122.6562,31.5178
455148,6.6231,9.3750,33.0590,10.1562,23.7073,25.7812,20.8963,6.8897,131.2500,21.3477,7.8125,18.7293,123.4375,17.5858,10.8145,123.4375,43.2499,15.6250,34.5855,107.8125,30.7226
456423,7.9893,10.9375,58.0957,12.5000,39.8725,10.1562,27.4691,6.9462,6.2500,25.5860,10.1562,19.0593,95.3125,18.9046,11.4434,124.2188,33.7578,141.4062,32.5612,184.3750,31.6940
457700,703.0530,0.7812,7509.5410,1.5625,7394.7979,2.3438,3110.8364,303.0333,0.7812,2884.9487,1.5625,2467.7673,2.3438,2082.7603,869.1055,0.7812,9751.8711,1.5625,8710.4385,2.3438,3091.1069
458976,857.2861,0.7812,12867.1680,1.5625,3625.1235,8.5938,1504.5219,524.9214,0.7812,8213.5234,1.5625,1024.1654,3.1250,691.4997,1087.6263,0.7812,16913.2402,1.5625,3116.9395,4.6875,1340.1980
460251,866.3826,0.7812,13467.8584,1.5625,2279.1851,2.3438,1148.3274,573.2330,0.7812,9000.9766,3.1250,887.1966,2.3438,817.3300,1113.7571,0.7812,17208.2363,1.5625,3971.8479,5.4688,1010.3327
461477,828.4305,0.7812,12923.3525,1.5625,1509.9097,8.5938,1190.3535,469.3313,0.7812,7194.7710,1.5625,1283.1875,3.1250,1142.8319,1008.8293,0.7812,15587.9668,1.5625,3120.7307,2.3438,1444.0487
462753,805.8356,0.7812,12343.1680,1.5625,2653.2046,7.8125,1042.0134,472.7498,0.7812,7138.4180,3.1250,1399.9531,1.5625,1187.7701,1012.5513,0.7812,15367.6602,1.5625,4324.5933,3.9062,1125.6559
464028,654.3021,0.7812,9631.4277,1.5625,3418.4009,2.3438,1169.2327,375.0172,0.7812,5742.5796,1.5625,1267.3851,2.3438,552.0447,910.2350,0.7812,13386.1426,1.5625,5472.7163,2.3438,679.0916
465303,706.8685,0.7812,10551.9951,1.5625,3011.0271,2.3438,1878.7303,474.8503,0.7812,7301.5195,1.5625,1633.9989,2.3438,671.4091,936.2424,0.7812,13137.3115,1.5625,6547.0205,2.3438,2223.3362
466578,705.1034,0.7812,10772.7129,1.5625,2760.3274,2.3438,809.0821,498.1855,0.7812,7609.9424,1.5625,1508.3811,3.1250,1065.1517,993.6923,0.7812,14928.7051,1.5625,4853.3696,2.3438,1321.8723
467806,641.5632,0.7812,8746.9326,1.5625,4971.7480,2.3438,1088.7882,403.9971,0.7812,6159.5571,3.1250,1082.4331,2.3438,902.5569,879.1722,0.7812,12909.2217,1.5625,4235.5781,2.3438,2437.0063
469082,835.4270,0.7812,12818.9619,1.5625,2469.8708,9.3750,1137.1276,548.9639,0.7812,8516.7734,3.1250,1148.3470,2.3438,1078.5265,1022.8646,0.7812,15745.7842,1.5625,3639.8223,3.1250,1455.6478
470357,346.3005,0.7812,4831.0151,1.5625,1909.4932,3.9062,743.2780,274.3140,0.7812,3726.0505,1.5625,1442.4534,2.3438,895.1957,490.9847,0.7812,6221.9746,1.5625,3386.3542,2.3438,1680.7002
471633,37.3699,4.6875,222.7569,3.9062,212.5221,0.7812,211.8295,32.5619,0.7812,251.9654,1.5625,188.0989,6.2500,182.4490,28.7533,5.4688,154.3901,9.3750,144.1275,4.6875,134.1264
472909,16.4375,0.7812,142.4182,2.3438,79.9327,7.8125,77.9838,9.4109,3.1250,37.0539,8.5938,30.8446,10.9375,30.2356,12.5440,9.3750,59.6202,146.0938,36.2436,130.4688,35.5189
474183,10.5612,0.7812,74.4832,6.2500,62.9740,7.0312,36.0389,9.4366,0.7812,51.4851,7.8125,32.3051,153.9062,25.7865,12.4000,9.3750,39.3674,17.1875,35.7426,20.3125,33.5341
475409,8.8492,9.3750,65.0463,10.9375,35.9791,8.5938,35.3834,8.0130,7.8125,27.4043,4.6875,20.5785,8.5938,19.3443,12.3693,15.6250,47.5393,123.4375,42.2630,2.3438,38.9760
476685,9.5259,0.7812,61.7939,1.5625,38.0183,10.1562,31.6397,8.0431,107.8125,25.6009,7.8125,25.3962,2.3438,20.4278,10.8883,0.0000,37.6980,132.8125,35.1334,10.1562,30.1885
477960,7.3279,7.8125,34.5598,13.2812,29.2281,10.9375,27.8903,7.6243,140.6250,23.6026,10.1562,23.3385,128.9062,21.6945,11.1746,15.6250,40.0057,17.9688,30.6077,7.8125,29.3950
479236,9.1919,0.7812,54.5993,9.3750,45.7202,7.8125,34.8489,8.0842,7.0312,23.5443,82.0312,22.6533,153.9062,20.0830,11.2977,130.4688,40.4620,131.2500,37.5437,14.8438,36.1542
480511,7.6286,10.9375,41.0763,8.5938,36.5701,12.5000,31.5354,7.7132,8.5938,24.0571,139.0625,23.1605,115.6250,19.3217,10.9651,131.2500,46.5431,123.4375,38.0533,10.1562,37.8105
481787,8.1958,0.7812,44.6807,10.1562,38.3533,11.7188,36.9161,7.4714,8.5938,25.8925,123.4375,25.8625,10.9375,19.8417,10.3411,153.9062,35.3108,139.0625,31.2840,122.6562,29.1334
483014,703.0856,1.5625,7513.5054,0.7812,7271.3384,2.3438,3411.9285,411.5120,0.7812,5115.1240,1.5625,3556.7231,3.1250,1343.7263,947.5714,0.7812,11959.3877,1.5625,8736.5645,2.3438,1747.4187
484290,744.6992,0.7812,11292.5059,1.5625,2124.2029,3.9062,1565.1769,499.7008,0.7812,7693.9233,3.1250,1299.6851,1.5625,1276.5918,1132.1008,0.7812,17170.1719,1.5625,4849.8511,2.3438,1474.4081
485565,727.1399,0.7812,10766.2529,1.5625,3164.5305,2.3438,1568.6593,557.5635,0.7812,8604.3545,1.5625,1870.5579,3.1250,681.9998,1098.5262,0.7812,16404.3926,1.5625,5665.8608,2.3438,1172.1219
486841,678.8703,0.7812,10385.3770,1.5625,2396.5525,7.0312,893.1822,519.1144,0.7812,8119.1196,1.5625,1101.0349,2.3438,558.0956,1101.4784,0.7812,15953.0742,1.5625,6722.9805,2.3438,2539.8389
488118,700.2545,0.7812,10619.8926,1.5625,2535.8657,2.3438,1344.5898,546.0986,0.7812,8543.0586,1.5625,1211.5894,3.1250,722.7015,1089.7067,0.7812,16310.5107,1.5625,5570.5952,2.3438,1343.0913
489393,657.6884,0.7812,9987.1123,1.5625,2866.4739,6.2500,911.1170,490.7228,0.7812,7583.2017,1.5625,1468.0521,2.3438,815.0138,1094.2457,0.7812,16030.9648,1.5625,6647.7378,2.3438,1229.1902
490619,661.7121,0.7812,10062.1719,1.5625,2725.8206,3.1250,788.5668,475.2646,0.7812,7240.6299,1.5625,1720.1199,2.3438,986.2218,992.9597,0.7812,14574.7148,1.5625,5511.5474,2.3438,1978.0239
491894,762.0851,0.7812,11394.7051,1.5625,2952.2000,9.3750,1440.2542,479.6498,0.7812,7035.4956,1.5625,2346.6926,2.3438,1497.3452,1136.4879,0.7812,16810.4727,1.5625,6076.0903,2.3438,2229.5029
493170,776.3022,0.7812,11808.2666,1.5625,3082.2424,7.0312,1044.0315,498.8718,0.7812,7549.8838,3.1250,1179.1854,1.5625,1080.6698,1089.1981,0.7812,15941.1230,1.5625,6219.2402,2.3438,1904.9989
494445,716.2456,0.7812,10963.6318,1.5625,2543.7729,2.3438,1028.2255,477.6406,0.7812,7263.2227,1.5625,1549.3645,3.1250,1046.2368,1076.9843,0.7812,16706.6816,1.5625,3478.9893,2.3438,1412.2291
495721,323.0756,0.7812,4610.2119,1.5625,1345.0863,2.3438,1020.6812,296.9688,0.7812,3708.8757,1.5625,2158.8062,2.3438,1160.1410,557.0191,0.7812,7154.1729,1.5625,3760.2424,2.3438,2261.9905
496997,25.0968,0.7812,118.5494,2.3438,105.5087,20.3125,98.9395,14.5317,12.5000,54.5857,6.2500,48.8914,10.9375,38.3198,18.7608,7.0312,107.7953,16.4062,67.4001,4.6875,62.4978
498223,17.6234,0.7812,162.8595,7.8125,105.5132,1.5625,88.7381,10.3134,5.4688,49.5415,11.7188,32.6592,9.3750,27.7256,14.4074,7.8125,86.7745,7.0312,54.3695,6.2500,43.1352
499499,8.9240,8.5938,46.1609,10.1562,35.8702,7.8125,34.4937,8.7998,96.0938,21.9461,184.3750,21.3588,0.7812,21.2603,11.6743,9.3750,47.0729,17.1875,30.2610,14.8438,29.8614
500775,7.9018,9.3750,41.2015,8.5938,30.8235,11.7188,28.8077,7.4104,7.0312,19.6665,7.8125,18.6199,181.2500,17.9742,12.0314,9.3750,41.7862,7.8125,35.5418,146.0938,35.0936
502051,8.0761,8.5938,39.4079,9.3750,38.9455,10.1562,35.9828,7.6751,10.9375,23.8673,168.7500,20.7441,130.4688,20.3929,11.6330,9.3750,35.2101,131.2500,33.6110,8.5938,33.3692
503326,7.7027,8.5938,32.8501,25.7812,28.0186,6.2500,27.4622,8.1929,132.8125,22.6795,10.9375,21.3892,151.5625,19.4590,12.1066,125.0000,39.5213,9.3750,36.2099,8.5938,32.1430
504599,9.1617,0.7812,75.0254,8.5938,39.4130,10.9375,29.2800,7.8945,7.0312,29.7398,131.2500,22.8089,157.0312,21.6199,10.8980,10.9375,38.0043,123.4375,31.1924,15.6250,30.0494
505827,7.3478,10.9375,37.0558,9.3750,32.4213,7.8125,32.2240,8.0085,6.2500,29.3001,137.5000,24.8428,13.2812,24.0710,10.0242,7.8125,33.2009,123.4375,31.8204,153.1250,31.6036
507103,7.7185,0.7812,39.6876,11.7188,38.0870,9.3750,31.3071,7.3938,7.8125,21.2120,191.4062,20.9066,10.9375,18.8939,10.3891,123.4375,44.7569,131.2500,40.0421,8.5938,34.3435
508378,784.9510,0.7812,8736.3965,1.5625,8018.5913,2.3438,2987.2664,420.0798,0.7812,5647.9321,1.5625,2868.3281,3.1250,1116.0953,800.9910,0.7812,11213.8340,1.5625,5589.1558,4.6875,1208.1454
509652,813.1592,0.7812,12448.1582,1.5625,2873.2712,3.1250,1313.8394,646.6873,0.7812,10094.2959,1.5625,1374.1763,3.1250,1114.1362,1169.2715,0.7812,17550.3535,1.5625,6164.2983,3.1250,989.0235
510928,840.5833,0.7812,12476.5869,1.5625,3840.6428,5.4688,1659.4009,578.2565,0.7812,8987.4092,3.1250,1128.2926,3.9062,680.4735,1037.3339,0.7812,15632.9287,1.5625,4574.9038,2.3438,2105.1655
512204,820.9087,0.7812,12565.0449,1.5625,3527.0981,3.9062,713.8086,526.0216,0.7812,8272.6445,1.5625,928.1391,3.1250,478.8299,1143.4635,0.7812,17459.0566,1.5625,4906.0479,2.3438,1719.0720
513430,782.1965,0.7812,11846.5928,1.5625,2707.4939,3.1250,1757.1797,449.4743,0.7812,6916.0806,2.3438,898.1082,3.1250,845.8357,1003.4572,0.7812,15270.6621,1.5625,4174.5513,3.1250,1564.2400
514705,787.8470,0.7812,11492.2383,1.5625,4395.7192,5.4688,1405.9703,538.0758,0.7812,8416.6104,1.5625,768.3758,3.1250,728.1606,1032.1187,0.7812,15355.6182,1.5625,5568.1172,2.3438,818.6107
515981,723.7319,0.7812,10692.1182,1.5625,3526.0073,5.4688,1258.2344,507.9838,0.7812,7856.4424,3.1250,1181.3151,3.9062,763.2491,948.4620,0.7812,14016.9209,1.5625,5044.9697,2.3438,1896.8987
517258,661.1199,0.7812,9638.9014,1.5625,3184.5544,4.6875,1185.5159,474.4778,0.7812,7407.4878,1.5625,698.0705,3.1250,440.5151,996.0609,0.7812,14775.0078,1.5625,5361.9951,3.1250,1353.6407
518533,763.1034,0.7812,11214.4980,1.5625,4187.2173,2.3438,1205.6265,518.0916,0.7812,8039.4639,1.5625,1261.9384,2.3438,648.9511,1047.2838,0.7812,15562.8574,1.5625,5807.3218,2.3438,1118.3846
519808,641.0207,0.7812,9745.9082,1.5625,2274.7576,4.6875,1186.3599,509.4574,0.7812,7826.4302,1.5625,1006.3779,3.1250,912.8973,959.4476,0.7812,14085.5479,1.5625,5143.9131,2.3438,2219.1250
521036,250.9588,0.7812,3468.1790,1.5625,932.9315,9.3750,668.0685,356.4032,0.7812,4953.3032,1.5625,1843.3990,2.3438,984.1094,551.4006,0.7812,7681.9463,1.5625,1882.3654,2.3438,1811.4700
522312,26.9344,0.7812,202.9237,1.5625,132.2442,3.9062,110.5788,19.0417,4.6875,110.2097,0.7812,99.9149,5.4688,89.6076,18.6282,3.9062,81.3144,17.1875,71.2512,16.4062,58.4521
523588,20.9578,9.3750,111.3943,10.1562,84.1316,16.4062,75.1747,9.6423,15.6250,29.4636,6.2500,27.1355,192.1875,26.6077,14.7495,10.1562,62.7782,7.0312,57.1571,9.3750,49.9815
524864,8.9132,7.8125,59.2077,11.7188,36.3924,7.0312,34.3791,8.5913,7.0312,36.8668,130.4688,33.1226,117.9688,22.9697,12.1497,11.7188,45.5285,138.2812,44.3469,132.0312,39.0127
526140,9.4378,9.3750,55.8849,7.8125,46.6292,12.5000,40.4744,7.7503,8.5938,30.4184,151.5625,23.8499,161.7188,21.1174,11.6344,12.5000,40.7660,9.3750,34.4552,7.0312,32.7784
527366,10.8185,0.7812,63.3092,8.5938,62.0933,9.3750,60.2398,8.0954,115.6250,23.7251,153.1250,21.3150,6.2500,21.1974,11.9617,8.5938,43.2859,10.9375,42.1818,9.3750,40.6162
528642,12.0048,8.5938,82.8126,0.7812,64.4209,7.0312,60.1254,8.4514,7.0312,31.3208,7.8125,29.4032,130.4688,21.4001,12.7565,8.5938,65.0002,10.1562,42.1946,146.0938,40.4527
529918,9.9087,10.9375,61.8813,0.7812,61.3861,11.7188,38.7093,9.0721,7.8125,39.0639,10.9375,23.0448,177.3438,21.5668,13.1364,14.8438,49.4806,10.9375,49.0816,9.3750,38.0432
531193,10.5557,0.7812,66.8084,9.3750,65.3463,12.5000,37.6030,7.9983,11.7188,29.0348,13.2812,23.7615,7.0312,23.1530,12.0588,9.3750,45.2515,7.8125,41.1131,138.2812,37.6461
532468,345.9740,0.7812,3216.6956,1.5625,2748.2786,2.3438,2082.5308,101.3320,0.7812,885.8347,1.5625,702.2637,2.3438,428.9599,276.7601,0.7812,2290.5735,1.5625,2091.6260,2.3438,1785.3773
533743,737.3073,0.7812,10926.4775,1.5625,2099.3201,2.3438,1937.9288,536.1977,0.7812,8310.0459,1.5625,1615.0826,3.1250,725.0776,1066.8380,0.7812,16623.0234,1.5625,2374.1536,3.1250,1867.8717
534970,718.8163,0.7812,10914.8037,1.5625,2463.1980,4.6875,1280.4888,534.9398,0.7812,8247.9785,3.1250,1276.2657,1.5625,1043.0603,1045.5513,0.7812,15790.5996,1.5625,4775.7349,3.1250,1257.4823
536245,762.8743,0.7812,11693.1621,2.3438,1805.1306,3.9062,1673.5090,480.4159,0.7812,7264.9561,1.5625,1646.3824,2.3438,722.3834,1116.0098,0.7812,17252.9629,2.3438,2840.3828,1.5625,2735.4626
537521,819.9774,0.7812,12616.9922,1.5625,2839.5906,3.1250,887.9686,482.0466,0.7812,7497.9404,2.3438,856.8899,1.5625,617.4443,1037.5955,0.7812,15680.7656,1.5625,4791.7417,2.3438,1268.5671
538796,805.7761,0.7812,12191.0205,1.5625,3423.0376,8.5938,774.4573,445.9253,0.7812,6914.6270,1.5625,879.1827,2.3438,532.6198,1025.4064,0.7812,15635.1729,1.5625,4497.0562,2.3438,896.9376
540073,895.3791,0.7812,13468.1748,1.5625,3786.1531,3.1250,1503.0143,430.8473,0.7812,6744.9678,2.3438,550.4846,1.5625,493.0234,1076.0197,0.7812,16452.0371,1.5625,4068.4514,2.3438,1782.5103
541350,927.7624,0.7812,13767.7324,1.5625,4361.5996,2.3438,2264.8694,483.0692,0.7812,7458.3516,1.5625,1155.4697,2.3438,760.3956,1075.9651,0.7812,16610.3125,1.5625,3690.2949,3.9062,1199.0580
542575,901.1640,0.7812,13842.5674,1.5625,2911.8359,2.3438,1369.3265,431.8175,0.7812,6617.8618,2.3438,1100.6156,3.1250,838.6948,989.3888,0.7812,15051.0352,1.5625,3686.9258,2.3438,1943.9885
543850,866.7114,0.7812,13264.5029,1.5625,3024.2839,3.1250,1430.3938,440.3988,0.7812,6794.0464,4.6875,708.8546,1.5625,666.4118,961.8990,0.7812,14960.4238,1.5625,2764.6997,4.6875,1202.7618
545127,611.6863,0.7812,8813.5967,1.5625,3169.3071,2.3438,1772.4861,272.8409,0.7812,3879.3916,1.5625,1577.4663,2.3438,544.1082,718.3671,0.7812,10965.5381,1.5625,2514.7312,2.3438,1135.9521
546404,95.6632,0.7812,1040.8759,1.5625,454.0263,7.8125,346.2964,35.7931,2.3438,202.4523,1.5625,181.9018,0.7812,174.6401,66.5996,10.1562,316.5627,9.3750,310.1660,4.6875,265.7546
547678,20.6385,0.7812,183.2813,7.8125,89.0841,21.0938,69.9711,11.9732,0.7812,95.4959,7.0312,38.9441,6.2500,33.2117,15.5222,7.8125,78.0507,8.5938,61.1052,7.0312,49.7560
548954,9.2521,0.7812,50.1588,10.9375,43.8998,7.0312,42.4219,8.2941,9.3750,32.6399,7.0312,27.3779,7.8125,27.1509,12.0513,15.6250,40.3219,129.6875,37.1682,10.9375,37.0986
550182,9.8995,0.7812,52.2826,9.3750,43.0762,8.5938,37.9969,7.6027,0.7812,27.0905,11.7188,23.4606,25.0000,23.1774,12.1397,8.5938,42.7988,130.4688,40.4499,146.0938,36.5029
551458,9.0033,8.5938,48.8378,7.8125,44.1409,10.1562,40.4380,7.4181,46.0938,21.9668,7.0312,21.7824,11.7188,21.2906,12.5529,8.5938,61.0021,7.8125,47.5588,11.7188,41.7516
552733,9.0779,10.1562,74.0540,14.0625,37.8129,9.3750,35.0238,8.0947,7.0312,30.4842,7.8125,25.4502,0.7812,23.2496,11.9438,130.4688,44.3742,10.1562,43.2852,9.3750,36.4977
554009,9.1811,9.3750,43.0183,8.5938,42.3233,0.7812,39.4820,7.3036,162.5000,19.5183,153.1250,17.9873,46.0938,17.5531,12.8924,8.5938,51.2744,10.9375,50.8340,9.3750,48.3418
555285,7.9742,9.3750,39.7049,12.5000,32.0157,11.7188,30.7912,7.7048,10.1562,25.3811,130.4688,24.9756,192.1875,20.5667,11.6326,130.4688,40.0131,125.7812,38.0364,15.6250,33.1688
556512,9.0663,0.7812,68.9837,12.5000,50.2063,8.5938,47.8019,7.7750,7.8125,28.6718,129.6875,27.9982,5.4688,26.7135,12.2123,7.8125,40.9706,8.5938,39.6220,14.8438,34.6522
557787,685.6376,1.5625,7498.5093,0.7812,5800.6138,2.3438,4739.2407,226.3431,0.7812,2998.5100,1.5625,1563.0269,4.6875,596.1913,507.0407,1.5625,4933.8530,0.7812,4761.3823,2.3438,2982.4553
559063,740.8096,0.7812,11124.6660,1.5625,3140.2175,3.9062,1777.0297,629.9552,0.7812,9924.2598,1.5625,931.4860,2.3438,857.0963,1083.0261,0.7812,15961.7500,1.5625,5916.2949,3.1250,1837.1265
560339,737.2728,0.7812,10741.9443,1.5625,4128.2832,2.3438,1721.6564,565.6498,0.7812,8685.8779,1.5625,1809.3607,2.3438,1255.0134,996.8035,0.7812,13974.0664,1.5625,7144.7246,2.3438,1629.9808
561614,733.5040,0.7812,10693.5557,1.5625,4144.9790,2.3438,1243.6298,515.2849,0.7812,7912.8472,1.5625,1651.0338,3.1250,721.7592,1072.4103,0.7812,15712.6348,1.5625,6028.3872,2.3438,2239.8950
562889,727.8702,0.7812,10984.6201,1.5625,2748.0654,6.2500,1115.0233,488.6082,0.7812,7390.2285,1.5625,1834.4667,3.9062,830.7265,1063.3890,0.7812,15190.2441,1.5625,6911.1709,2.3438,2650.4543
564117,582.1519,0.7812,8413.9053,1.5625,3513.7881,2.3438,1281.3911,491.3881,0.7812,7521.3047,1.5625,1584.9440,2.3438,889.5369,1046.6591,0.7812,14513.9014,1.5625,7694.1431,2.3438,2650.8462
565392,798.4728,0.7812,12295.7275,1.5625,2296.9268,3.1250,1520.6376,433.1859,0.7812,6575.1626,1.5625,1295.2990,2.3438,842.8945,1088.2825,0.7812,17093.3574,1.5625,2416.1782,3.1250,1335.9615
566668,694.7261,0.7812,10551.6768,1.5625,2732.2380,3.9062,1263.8225,435.9934,0.7812,6733.7456,1.5625,885.0842,2.3438,694.4943,1011.0132,0.7812,14861.2266,1.5625,5033.5586,2.3438,3278.9294
567942,699.3857,0.7812,10518.8604,1.5625,2999.1853,4.6875,1230.6729,445.2693,0.7812,6809.0303,1.5625,1266.7277,3.9062,757.9677,1021.7463,0.7812,14538.9053,1.5625,6448.6665,2.3438,2997.9563
569218,634.9454,0.7812,9571.7422,1.5625,2540.8406,2.3438,1093.5293,505.6540,0.7812,7831.4355,3.9062,1001.2377,3.1250,770.2161,1026.0895,0.7812,14924.3711,1.5625,6115.0864,2.3438,1746.9712
570494,599.7397,0.7812,8543.1045,1.5625,3603.4031,3.1250,1218.4902,332.9781,0.7812,4627.8774,1.5625,1437.5143,2.3438,1320.6471,742.3234,0.7812,10897.8193,1.5625,3093.1382,2.3438,2150.9971
571720,99.1400,0.7812,892.1644,1.5625,568.4688,5.4688,462.9051,40.5718,4.6875,247.8500,5.4688,244.4888,0.7812,197.0911,56.7059,4.6875,235.8809,16.4062,229.9254,17.1875,219.2394
572995,11.4366,8.5938,77.1888,0.7812,64.3183,1.5625,45.7657,8.1347,8.5938,27.4661,6.2500,23.0385,13.2812,21.1070,12.3657,8.5938,45.9074,19.5312,40.3433,14.8438,39.5810
574271,9.1119,7.0312,57.7007,5.4688,36.2233,25.7812,36.1333,7.8029,54.6875,20.5331,25.0000,20.1358,123.4375,19.9283,11.5222,146.0938,37.0195,7.0312,35.3637,123.4375,34.0696
575547,7.9216,7.8125,39.7728,0.7812,31.5075,1.5625,26.4314,7.2110,130.4688,23.3287,55.4688,22.0360,161.7188,18.7361,11.4312,146.0938,44.7637,10.9375,35.3038,15.6250,34.4467
576822,8.5488,10.1562,55.3907,8.5938,44.1280,7.0312,30.8563,7.6211,9.3750,29.3370,135.1562,23.5240,4.6875,20.0060,11.4267,131.2500,42.6525,130.4688,38.1520,10.1562,37.2620
578097,8.2648,10.1562,50.6634,11.7188,43.2202,10.9375,31.4852,7.9912,7.8125,28.7857,9.3750,23.4224,5.4688,20.9819,11.9789,14.0625,47.4808,138.2812,46.9435,11.7188,36.2540
579325,8.9417,0.7812,58.8915,12.5000,41.8191,9.3750,29.7133,7.9021,123.4375,27.8868,8.5938,23.2067,7.0312,21.6489,11.6383,130.4688,40.4134,12.5000,38.2313,123.4375,29.6467
580601,10.3227,7.8125,58.0680,5.4688,48.8533,9.3750,47.0279,8.2156,7.8125,26.5881,130.4688,24.1332,5.4688,23.5710,13.0487,9.3750,54.6340,146.0938,46.2416,8.5938,35.9646
581876,8.8260,9.3750,49.8990,10.1562,46.1780,14.0625,45.8251,8.2660,130.4688,25.5105,4.6875,25.1528,121.8750,24.8915,12.6702,10.1562,41.4513,23.4375,39.1036,13.2812,37.8526
583152,757.8298,0.7812,8827.0674,1.5625,7428.9702,2.3438,3202.1089,424.1280,0.7812,6265.6670,1.5625,2007.6707,2.3438,866.8257,768.2404,0.7812,11402.0693,1.5625,4117.8291,2.3438,1087.8044
584429,725.7102,0.7812,10593.9229,1.5625,3983.6106,2.3438,2017.7773,536.6746,0.7812,8425.8711,3.1250,1012.2875,1.5625,769.2653,1047.3801,0.7812,15644.0137,1.5625,5492.7900,2.3438,1518.6166
585703,810.8577,0.7812,12255.9893,1.5625,3582.8013,3.9062,1337.1766,470.1720,0.7812,7267.6660,3.9062,1008.8743,2.3438,822.9105,1030.4983,0.7812,14724.3682,1.5625,6277.6367,2.3438,2994.8154
586929,761.0581,0.7812,10609.0791,1.5625,5425.4316,2.3438,1238.0348,583.9025,0.7812,9193.8770,1.5625,810.6317,3.9062,752.0035,1062.4218,0.7812,15023.8623,1.5625,7319.0591,2.3438,2488.6455
588205,774.3917,0.7812,11199.2812,1.5625,4119.9224,2.3438,1881.0851,514.2580,0.7812,7795.0840,1.5625,1831.9120,2.3438,1035.5702,1104.1068,0.7812,15879.4805,1.5625,6877.4624,2.3438,2845.2888
589480,718.3482,0.7812,10414.7627,1.5625,4127.7402,2.3438,1446.2981,481.7341,0.7812,7520.3271,1.5625,793.5596,2.3438,628.1091,1021.6203,0.7812,14773.1240,1.5625,6171.2832,2.3438,2633.5017
590756,665.1533,0.7812,9940.8896,1.5625,2536.6187,5.4688,1378.9384,450.3093,0.7812,7065.8076,3.9062,675.9814,1.5625,480.0503,960.7806,0.7812,14019.4150,1.5625,5841.1460,3.9062,958.1537
592031,783.2964,0.7812,11680.1113,1.5625,3621.6650,2.3438,2208.6079,507.6538,0.7812,8005.8091,1.5625,662.5544,3.9062,356.8076,1053.0660,0.7812,15288.7061,1.5625,6379.4150,2.3438,1969.2354
593306,879.5169,0.7812,12578.7666,1.5625,5723.2236,3.9062,1679.5081,571.4449,0.7812,9003.1621,2.3438,578.2620,3.1250,461.1667,1083.1316,0.7812,16452.5488,1.5625,4777.9458,2.3438,1568.7478
594533,708.4550,0.7812,10571.5107,1.5625,2880.5903,2.3438,1989.9768,542.8282,0.7812,8238.0498,1.5625,1967.7816,2.3438,875.4677,1121.7855,0.7812,16143.2109,1.5625,6088.7544,2.3438,4140.5107
595809,237.3344,0.7812,2782.5608,1.5625,1852.3893,5.4688,912.8325,163.3840,0.7812,1413.5162,1.5625,1202.8201,2.3438,842.8126,323.1831,0.7812,3657.6912,1.5625,2509.4658,4.6875,867.9277
597085,32.5370,0.7812,291.4238,6.2500,182.2887,5.4688,115.6655,11.9634,7.8125,45.7678,3.9062,42.2031,4.6875,32.8479,17.9307,6.2500,101.1965,7.8125,74.5165,17.1875,62.2147
598360,10.2645,8.5938,56.8113,1.5625,46.4845,11.7188,40.8550,8.1720,7.0312,25.3652,8.5938,23.1138,4.6875,20.8932,13.3856,8.5938,64.7682,22.6562,53.7254,10.1562,51.4814
599637,8.2375,12.5000,41.8746,1.5625,35.4454,7.0312,29.2962,7.7573,6.2500,30.5739,146.8750,19.9789,44.5312,19.8541,12.3890,15.6250,41.7844,7.8125,40.2480,16.4062,39.1777
600863,9.0592,0.7812,62.1806,8.5938,50.0340,13.2812,27.9521,7.9880,14.8438,29.7756,10.1562,23.5126,7.0312,22.9056,13.2603,8.5938,64.1554,11.7188,37.7681,21.8750,36.7618
602138,8.3438,7.8125,38.8537,0.7812,35.1568,19.5312,30.8951,8.2544,0.7812,27.4536,8.5938,27.4018,131.2500,23.8893,12.3723,130.4688,58.3752,146.0938,42.0083,192.1875,38.7273
603414,8.5949,8.5938,46.1547,12.5000,43.8453,11.7188,37.6534,7.9549,8.5938,32.6213,6.2500,24.0346,7.0312,18.8108,12.2605,125.0000,40.0226,25.7812,32.1344,8.5938,30.5817
604689,738.7415,1.5625,7611.5918,2.3438,6176.1177,0.7812,5315.2471,209.7660,0.7812,2387.5405,5.4688,954.1395,4.6875,933.4103,419.9536,0.7812,4667.5366,1.5625,3763.5317,2.3438,2193.9341
605964,705.0895,0.7812,9568.0693,1.5625,4598.0830,2.3438,2725.1345,541.6906,0.7812,8001.4863,1.5625,2681.6360,2.3438,936.9042,1059.0833,0.7812,14969.9023,1.5625,6363.8916,2.3438,3423.5867
607240,687.5137,0.7812,8321.5957,1.5625,5470.3813,2.3438,3291.2410,501.6776,0.7812,7687.9780,1.5625,1812.8021,2.3438,511.4008,1042.9539,0.7812,13753.6211,1.5625,7131.9897,2.3438,4572.3867
608468,743.3634,0.7812,9971.3867,1.5625,5259.6899,2.3438,2922.4197,517.6963,0.7812,8000.9077,1.5625,1671.4675,3.9062,649.5794,962.0333,0.7812,13549.1719,1.5625,6129.2441,2.3438,3209.1177
609743,742.1718,0.7812,9885.9404,1.5625,4731.8550,2.3438,3140.6104,511.8446,0.7812,7997.7959,1.5625,1166.6925,2.3438,579.8577,942.3632,0.7812,13599.0771,1.5625,4949.5967,2.3438,3349.6975
611019,709.8568,0.7812,9469.2969,1.5625,5378.9336,2.3438,2756.3616,512.9153,0.7812,7986.5479,1.5625,1380.6173,3.9062,387.4803,1058.1030,0.7812,14848.5576,1.5625,7174.7749,2.3438,3046.4124
612294,815.9882,0.7812,11498.5332,1.5625,5633.9492,2.3438,1377.8661,504.3301,0.7812,7799.6597,3.1250,1128.0397,2.3438,968.4448,1026.7162,0.7812,14496.3506,1.5625,6690.5859,2.3438,3044.2935
613571,797.8467,0.7812,11529.9170,1.5625,4591.5195,2.3438,2008.7327,573.1654,0.7812,8988.9424,1.5625,894.0013,3.1250,747.7078,993.7742,0.7812,14909.1504,1.5625,4776.0420,3.1250,1401.2855
614845,779.2130,0.7812,11076.0156,1.5625,4509.5918,2.3438,1765.7397,505.8876,0.7812,7923.0723,3.9062,796.1853,3.1250,500.0263,951.5044,0.7812,14273.4453,1.5625,4270.0410,2.3438,1872.4667
616071,738.6722,0.7812,10569.1396,1.5625,4202.1885,2.3438,1577.8044,511.3189,0.7812,7405.4956,1.5625,2171.2166,2.3438,1767.2334,1039.3463,0.7812,15104.1709,1.5625,4976.6226,2.3438,4059.6333
617347,740.8828,0.7812,10805.0713,1.5625,4157.6123,2.3438,1573.6395,501.6414,0.7812,7773.3052,3.1250,1330.4762,2.3438,688.5725,995.9437,0.7812,15610.7607,1.5625,2639.6782,3.1250,960.8048
618622,171.1519,0.7812,1208.4796,2.3438,1132.7075,3.1250,1110.9745,162.5682,0.7812,1888.7905,3.1250,566.8395,2.3438,493.3117,303.7679,0.7812,3485.2271,1.5625,2025.0841,2.3438,1226.2214
619898,4.6794,15.6250,14.4064,38.2812,10.1632,97.6562,10.1436,8.1347,14.8438,29.4082,16.4062,25.2689,131.2500,22.5384,12.2980,16.4062,58.2437,130.4688,33.8868,30.4688,29.5283
621173,4.2661,68.7500,11.7170,60.9375,11.1865,125.7812,11.0835,6.6518,126.5625,17.9580,182.0312,17.3176,169.5312,17.0164,11.0138,7.8125,35.2204,138.2812,32.7645,15.6250,30.2526
622448,4.0065,46.0938,13.7574,21.8750,11.0921,63.2812,9.3142,7.0560,130.4688,27.7756,46.8750,19.0491,166.4062,18.6053,11.0965,146.0938,33.7199,132.0312,32.3236,100.0000,32.0421
623676,4.2461,53.9062,12.3441,39.8438,11.5705,186.7188,10.8052,7.3815,115.6250,20.3323,7.8125,20.1453,41.4062,19.8052,10.7775,146.0938,38.5786,130.4688,35.6218,115.6250,35.0528
624952,4.1789,137.5000,11.0917,6.2500,10.2786,39.8438,10.2127,6.4366,123.4375,22.7070,122.6562,22.2772,180.4688,20.2038,10.9906,153.9062,43.0955,146.0938,42.8356,115.6250,31.4616
626227,4.0776,48.4375,10.6433,98.4375,10.5246,24.2188,10.3729,7.0736,185.1562,17.9859,138.2812,16.6750,130.4688,16.5045,10.7987,130.4688,36.6816,38.2812,36.4061,118.7500,29.7025
627503,4.2022,90.6250,10.7118,115.6250,10.4306,60.1562,10.1266,6.6204,177.3438,19.8048,182.8125,19.6251,146.0938,18.3711,9.7537,138.2812,34.6420,131.2500,30.0397,146.0938,28.7527
628780,4.1341,50.7812,12.8584,53.9062,11.2594,37.5000,10.8166,6.6175,89.0625,18.5608,118.7500,18.2152,110.9375,17.8303,10.4444,130.4688,30.2174,135.1562,29.6762,199.2188,28.6816
630053,4.2802,199.2188,12.1042,123.4375,11.0136,198.4375,10.4119,6.8125,199.2188,24.9693,153.9062,24.2804,7.8125,19.2140,10.0906,139.0625,36.3986,122.6562,33.4377,153.9062,33.3947
631279,3.9530,84.3750,14.6101,100.0000,12.0110,102.3438,10.9558,7.0211,13.2812,19.3209,166.4062,18.8346,7.8125,17.9533,11.4234,7.8125,35.0310,4.6875,34.5634,146.0938,30.3199
632555,4.1445,64.0625,13.2608,71.8750,10.9030,46.0938,10.5247,6.6292,116.4062,23.0905,122.6562,17.0686,123.4375,16.6075,11.1455,15.6250,40.1456,116.4062,39.8700,138.2812,36.7665
633830,4.4331,16.4062,12.1059,56.2500,11.7785,39.0625,11.5477,6.9104,61.7188,22.2798,138.2812,21.7583,115.6250,19.6127,10.9013,146.0938,44.6047,139.8438,33.3915,16.4062,32.8558
635105,4.3290,196.0938,12.2698,175.7812,11.6263,30.4688,11.4021,6.9557,129.6875,24.9244,140.6250,21.0766,199.2188,20.4574,9.9972,146.0938,29.4674,17.1875,27.5173,100.0000,25.6389
636381,4.1857,92.9688,10.1422,16.4062,9.9222,59.3750,9.8356,7.1180,184.3750,22.9490,96.8750,19.9278,176.5625,17.7154,11.4492,130.4688,39.2327,138.2812,33.5971,131.2500,33.4771
637657,4.0044,192.1875,11.7554,100.0000,9.5492,121.8750,9.5371,6.8258,122.6562,25.2134,192.1875,22.0771,184.3750,19.7560,10.2018,138.2812,42.9939,132.0312,31.2439,121.8750,30.4321
638883,4.0521,178.1250,10.7111,196.0938,10.0637,84.3750,9.9409,6.6716,119.5312,18.6051,139.0625,18.4309,137.5000,17.7481,10.2947,130.4688,34.0323,138.2812,28.1955,132.8125,27.8908
640159,3.9776,130.4688,12.5294,89.8438,10.6311,35.9375,9.7800,6.8440,128.9062,20.3685,139.0625,19.1202,135.1562,19.0360,9.3638,130.4688,31.7403,123.4375,30.4279,133.5938,29.0042
641434,4.0135,63.2812,11.0990,146.0938,10.6007,114.8438,9.7352,6.6324,153.9062,24.4332,146.0938,23.9476,197.6562,23.3346,10.1896,123.4375,32.1626,129.6875,29.4467,153.1250,28.9691
642710,3.7336,199.2188,10.9563,131.2500,10.4772,192.9688,10.2363,6.6448,123.4375,21.8625,69.5312,20.1961,184.3750,17.4731,9.9616,138.2812,49.0028,130.4688,34.3204,139.0625,31.7331
643984,4.3730,76.5625,10.9907,60.9375,10.3492,69.5312,9.9696,7.0350,107.8125,29.3542,181.2500,19.8821,172.6562,19.7080,10.9184,138.2812,41.8062,7.8125,30.7754,146.0938,30.4304
645259,4.3103,0.0000,11.8340,189.0625,11.7388,52.3438,11.6271,6.8591,132.8125,21.5164,3.1250,18.8499,125.0000,18.7457,10.5082,138.2812,37.3696,61.7188,35.3968,146.0938,33.5634
646486,4.1296,196.0938,12.3203,89.8438,10.7120,85.1562,9.6356,6.4423,122.6562,23.7504,130.4688,22.3543,128.1250,21.2255,10.2531,146.0938,31.6469,138.2812,29.1257,131.2500,27.4597
647762,4.0198,96.8750,12.3774,90.6250,11.9986,82.8125,11.7861,6.4301,195.3125,20.8212,66.4062,19.3531,123.4375,18.7358,9.9602,130.4688,35.5003,128.1250,33.9957,138.2812,32.8766
649037,3.9462,85.1562,11.3383,176.5625,10.2561,53.9062,10.0858,6.8628,0.0000,25.5590,130.4688,24.2782,123.4375,19.4486,10.8205,146.0938,55.1299,138.2812,53.3826,153.9062,33.8312
650312,4.1221,76.5625,13.6738,153.9062,12.2304,131.2500,11.3203,7.0674,132.0312,20.5615,7.8125,19.8923,197.6562,18.9313,10.4662,123.4375,47.0627,131.2500,46.1212,130.4688,38.8576
651588,4.1170,73.4375,11.4498,93.7500,11.0020,92.1875,10.9647,6.6409,153.9062,18.5770,128.1250,16.8262,152.3438,16.3651,10.6846,130.4688,38.7181,131.2500,37.3460,153.9062,30.7934
652815,4.2726,4.6875,12.1069,124.2188,12.0716,92.1875,11.6467,6.3538,175.7812,22.4027,139.0625,21.7291,122.6562,17.9008,10.8273,123.4375,44.2795,53.9062,33.6684,130.4688,32.9267
654091,4.1011,82.8125,9.7192,87.5000,9.1179,12.5000,9.0347,6.7778,130.4688,20.9987,108.5938,20.2037,153.9062,16.4069,10.6045,130.4688,46.2152,131.2500,40.9791,146.0938,39.5017
655367,3.9883,89.8438,11.5325,92.1875,11.1553,99.2188,10.0690,6.5719,123.4375,22.6482,143.7500,17.6690,122.6562,16.6945,10.1982,122.6562,41.1920,138.2812,33.7206,146.0938,31.6187
656642,4.1825,69.5312,14.3284,199.2188,13.3115,121.8750,10.8246,6.4746,115.6250,23.0071,100.0000,18.4245,131.2500,18.2333,10.0143,131.2500,39.5724,153.9062,33.2096,155.4688,30.4466
657918,4.1625,96.0938,11.3632,144.5312,10.8049,0.7812,10.7872,6.5916,123.4375,19.1101,92.1875,18.0987,130.4688,17.6200,10.4742,146.0938,48.0588,138.2812,38.0239,123.4375,35.0070
659192,4.2583,91.4062,12.8170,12.5000,10.9708,85.1562,10.4562,7.2502,130.4688,22.5390,56.2500,20.0090,184.3750,17.6743,11.3023,122.6562,46.8962,146.0938,37.4086,138.2812,34.6766
660420,4.3874,126.5625,11.7184,50.7812,11.2817,90.6250,10.5278,6.8317,122.6562,24.3811,171.0938,19.1866,85.9375,18.5625,10.3186,138.2812,39.2159,139.0625,33.1164,130.4688,32.4696
661695,4.0391,78.1250,11.1823,92.1875,10.6087,84.3750,10.5365,6.6080,139.0625,19.8545,192.1875,18.5261,115.6250,18.3260,10.0439,146.0938,37.9822,131.2500,36.5039,130.4688,34.7419
662971,3.9261,122.6562,13.4504,130.4688,9.9638,91.4062,8.8354,6.5725,184.3750,20.2279,191.4062,19.9787,137.5000,17.2756,9.7139,130.4688,43.8060,184.3750,34.4270,122.6562,33.9919
664246,3.7954,179.6875,10.0948,108.5938,10.0609,189.0625,9.5963,6.8493,182.8125,18.7498,10.9375,17.4188,120.3125,17.3298,9.9682,144.5312,29.0025,123.4375,26.0764,153.9062,25.3344
665522,3.8798,61.7188,11.5732,130.4688,11.0586,82.8125,9.9724,6.7420,121.8750,23.9948,198.4375,22.0432,170.3125,19.3911,9.9787,138.2812,51.0429,146.0938,37.3322,139.8438,32.0167
666798,4.0840,129.6875,10.5959,124.2188,10.4460,23.4375,10.0428,6.5190,138.2812,23.8909,153.9062,20.2110,188.2812,18.5524,10.0519,123.4375,34.1530,139.0625,31.6659,130.4688,27.1245
668024,4.0647,193.7500,8.9687,82.0312,8.9246,116.4062,8.9067,6.4701,139.8438,20.7677,153.9062,18.4169,168.7500,17.7968,10.7470,123.4375,43.9032,130.4688,36.2830,0.0000,33.5500
669300,4.2822,191.4062,12.6734,99.2188,11.1304,89.0625,10.9265,6.6275,84.3750,16.8769,92.1875,16.4788,153.1250,16.4379,10.3978,146.0938,42.1323,138.2812,41.1010,130.4688,34.7455
670575,3.7377,91.4062,9.4789,40.6250,9.1156,82.8125,8.9770,6.7584,76.5625,21.7287,129.6875,17.7034,194.5312,16.7937,10.1326,138.2812,33.2860,124.2188,32.3932,191.4062,28.0547
671852,4.1337,15.6250,13.3988,69.5312,12.1295,83.5938,11.8756,6.6013,176.5625,18.4730,122.6562,17.5243,130.4688,17.4890,10.4384,130.4688,57.8670,146.0938,40.8913,153.9062,40.8166
673126,3.9418,92.9688,8.7390,59.3750,8.7054,107.8125,8.4625,6.8989,76.5625,21.0242,137.5000,18.6636,84.3750,18.1911,10.2084,138.2812,31.0631,139.0625,30.5132,135.1562,28.3208
674401,4.1809,196.0938,13.8488,100.0000,12.7508,83.5938,11.3909,6.6360,138.2812,22.9325,82.0312,19.1590,140.6250,19.0088,10.7169,0.0000,45.5060,89.8438,36.2934,138.2812,29.3607
675629,3.8660,85.1562,10.2436,76.5625,10.2377,77.3438,10.1745,6.8151,184.3750,20.8706,69.5312,18.5648,129.6875,16.1025,9.7931,0.0000,30.9880,128.1250,30.8340,153.9062,27.4315
676905,4.0299,61.7188,14.6303,112.5000,11.0235,79.6875,10.6878,6.7127,148.4375,22.7803,14.8438,17.4890,64.8438,16.8243,10.5876,0.0000,37.3930,146.0938,36.3499,122.6562,31.7469
678180,4.0563,72.6562,12.1131,85.1562,11.5858,78.1250,10.6215,6.9671,130.4688,20.3144,14.0625,19.4570,16.4062,17.8932,10.3076,138.2812,48.6054,130.4688,28.0604,146.0938,26.0731
679456,4.1337,12.5000,10.7203,192.9688,10.2637,30.4688,9.7866,7.3738,51.5625,20.1793,84.3750,18.9979,192.9688,18.8991,10.9287,138.2812,30.7092,182.0312,30.2260,54.6875,29.6871
680732,4.0819,196.0938,11.8433,198.4375,10.2537,15.6250,10.1996,6.4225,184.3750,26.0979,192.1875,23.7607,130.4688,18.8528,10.8397,146.0938,41.5578,122.6562,38.6124,130.4688,36.2446
681960,4.1882,89.8438,12.9928,192.1875,12.0638,78.1250,11.1195,7.0661,133.5938,27.0304,0.0000,23.5460,184.3750,19.8305,10.2171,146.0938,33.7809,138.2812,31.4884,132.0312,30.4503
683236,4.2659,46.8750,11.1586,142.1875,9.9113,100.7812,9.6463,7.0553,139.8438,19.1602,92.1875,18.1528,100.0000,18.1141,10.5222,130.4688,27.3435,47.6562,25.9862,197.6562,25.6742
684512,4.1703,196.0938,11.9375,186.7188,10.8863,125.0000,10.8355,6.8774,138.2812,18.3770,161.7188,17.4021,156.2500,17.0481,9.8551,146.0938,32.8160,153.1250,26.2516,171.0938,24.0425
685787,3.8854,82.0312,9.9488,0.7812,9.7630,128.1250,9.7143,6.4622,0.0000,28.3040,192.1875,26.2571,153.9062,18.4898,10.5223,0.0000,45.9330,138.2812,40.4175,130.4688,39.2409
687064,4.3694,135.9375,12.0692,53.9062,11.6641,78.9062,11.2898,6.7284,146.8750,21.4807,176.5625,20.3382,92.1875,19.9590,10.3487,138.2812,38.5466,130.4688,30.0943,131.2500,29.9849
688337,3.9892,15.6250,10.7690,36.7188,10.3519,90.6250,10.1759,6.9704,146.0938,18.2970,132.0312,17.5891,155.4688,17.4380,10.5028,193.7500,28.5823,122.6562,27.5172,138.2812,26.5827
689564,4.0627,16.4062,10.5297,46.8750,10.2765,15.6250,9.3237,6.7188,123.4375,20.5357,61.7188,18.7748,92.1875,18.4230,11.3940,38.2812,37.9728,130.4688,32.8263,7.8125,32.2597
690840,4.1261,72.6562,13.2395,76.5625,10.6963,61.7188,10.5435,6.3893,131.2500,27.6919,72.6562,19.9127,123.4375,19.4058,10.1359,146.0938,44.0555,138.2812,39.4696,123.4375,28.3036
692116,3.8727,63.2812,10.3617,78.1250,10.2296,110.1562,10.0591,6.8384,191.4062,23.9905,153.9062,21.5010,198.4375,18.9724,10.4889,130.4688,45.3394,122.6562,38.8181,138.2812,38.5396
693391,3.9085,114.8438,12.1404,45.3125,11.3852,160.9375,10.9544,6.6501,190.6250,21.8109,182.8125,17.4021,121.8750,16.6207,10.0702,122.6562,43.7325,138.2812,32.2485,146.0938,30.1177
694667,3.9671,72.6562,11.4196,57.0312,10.4976,81.2500,9.9072,6.7413,187.5000,22.5707,129.6875,22.5436,179.6875,19.2827,10.7104,146.0938,37.2079,138.2812,29.4406,72.6562,28.6945
695944,3.9569,199.2188,11.2430,150.0000,11.2084,117.1875,10.8666,6.9728,146.0938,28.9159,192.1875,22.8745,0.0000,20.0690,10.9754,14.8438,39.4908,16.4062,36.7552,123.4375,35.1153
697170,3.8378,15.6250,11.9746,169.5312,11.1092,51.5625,10.8022,7.0266,123.4375,27.3374,182.8125,20.8134,116.4062,20.4366,10.9940,130.4688,38.0794,138.2812,28.4540,3.9062,28.3895
698445,4.1649,42.1875,11.8664,66.4062,10.4541,32.8125,10.2808,6.4189,130.4688,21.1780,92.1875,19.0249,178.9062,18.6077,10.4515,130.4688,37.0496,131.2500,34.2625,114.0625,30.7246
699721,4.4066,84.3750,15.7977,85.1562,11.4646,62.5000,10.5638,6.7210,130.4688,20.6378,192.9688,20.2052,116.4062,18.4012,11.2131,138.2812,47.5372,130.4688,41.7887,125.0000,36.2726
700997,4.2010,76.5625,13.8305,135.9375,13.0576,144.5312,10.7064,6.6902,100.0000,20.6267,128.1250,17.9689,178.9062,17.6474,10.6393,138.2812,41.3502,146.0938,34.4100,130.4688,32.9556
702271,5.3077,38.2812,19.0063,39.8438,17.8536,40.6250,16.4265,12.0342,39.8438,61.2032,40.6250,59.1882,38.2812,49.7826,22.7214,39.0625,108.2785,39.8438,104.1106,37.5000,102.6711
703545,4.5812,61.7188,17.6413,46.8750,13.0070,15.6250,12.3407,7.0568,61.7188,17.3441,181.2500,17.2629,176.5625,17.0445,12.8526,15.6250,75.8565,14.8438,44.2640,14.0625,35.7613
704773,5.2102,15.6250,36.3036,16.4062,21.6062,12.5000,12.4781,8.8136,42.9688,31.4962,39.0625,30.4795,40.6250,28.6037,18.1536,16.4062,93.7273,39.0625,78.3858,15.6250,70.4053
706049,4.1880,45.3125,11.9608,60.9375,10.9526,58.5938,10.3148,7.3615,184.3750,25.5273,77.3438,19.6272,115.6250,19.6258,10.7094,138.2812,34.4984,130.4688,34.2649,44.5312,29.6329
707324,4.1967,69.5312,13.2062,53.9062,12.8124,128.9062,11.2430,7.5715,115.6250,22.4203,60.1562,21.5238,129.6875,20.7711,10.8536,146.0938,35.3239,17.9688,32.8223,153.9062,31.4908
708599,4.1880,116.4062,13.9454,73.4375,11.1703,84.3750,11.0539,6.4458,146.0938,17.4279,4.6875,17.3660,19.5312,16.8933,9.9127,123.4375,30.0807,140.6250,29.5292,146.0938,28.4936
709876,3.8601,114.0625,12.9232,110.1562,11.8294,100.0000,10.2707,6.4527,199.2188,21.4920,192.9688,21.2705,168.7500,20.2908,9.9969,130.4688,33.7720,199.2188,30.0246,131.2500,29.4005
711152,4.0219,193.7500,11.6083,94.5312,10.6653,52.3438,9.9687,6.7011,184.3750,21.4148,192.1875,21.0103,122.6562,18.0922,10.0426,130.4688,34.7717,138.2812,32.1012,123.4375,31.7643
712377,4.4694,15.6250,14.9227,69.5312,11.5089,62.5000,11.3693,7.1246,122.6562,22.9905,1.5625,19.8685,194.5312,19.6925,10.9626,42.1875,33.8965,138.2812,33.0000,17.1875,32.1470
713653,4.0953,16.4062,13.0359,52.3438,10.3184,96.8750,9.2600,6.8573,138.2812,20.7271,148.4375,20.1200,122.6562,18.0395,10.9801,16.4062,34.9019,138.2812,32.9728,133.5938,30.5810
